e, e_dot, e_int, stamp, 
0.9179481574321378, 0.011399971862083117, 0.18313363261194424, 1732892637161117956, 
0.917875088635137, 0.011156409205413942, 0.1833567607960525, 1732892637253289936, 
0.9173226964113542, -0.0020848700692784514, 0.18354306283190858, 1732892637361142095, 
0.9172710178624371, -0.002013569242332869, 0.18349792019392858, 1732892637460815914, 
0.9173829603827768, 0.00020087990474186115, 0.1834651116437712, 1732892637561154091, 
0.9174289904329553, 0.0005265752350606482, 0.18347219791187797, 1732892637652168687, 
0.9172421119253018, -0.00046949485824991183, 0.18347027084940226, 1732892637761943599, 
0.9143647980229472, -0.010213974700027014, 0.18326906002541363, 1732892637860808169, 
0.9069271243199631, -0.03438329201779555, 0.18256893561788082, 1732892637961863465, 
0.8978853084391704, -0.05493163194592291, 0.1812784820521387, 1732892638072436299, 
0.6847867545982157, -0.7404678990724914, 0.16597327915715662, 1732892638162686149, 
0.6530228816846955, -0.8162080891815829, 0.14904632964813877, 1732892638260829155, 
0.6139795687367425, -0.2360239528715772, 0.1301192803346436, 1732892638361864238, 
0.5907671575594595, -0.20751908041745315, 0.1238513071987265, 1732892638471077196, 
0.5646706416235874, -0.16436309037718386, 0.11796115786131929, 1732892638561208483, 
0.5425531979946445, -0.16071319854938335, 0.1131993998118461, 1732892638660986334, 
0.5099884326305635, -0.18227402997674633, 0.10781415148325302, 1732892638761944919, 
0.4820401342652706, -0.20171021243124643, 0.10230545099269858, 1732892638851955244, 
0.4437964054965347, -0.22064009044676258, 0.09572166482615792, 1732892638961542643, 
0.4114316811347979, -0.23536151043490902, 0.0891512147264402, 1732892639061845311, 
0.3787486759562646, -0.21682576513423368, 0.08226511750583981, 1732892639156989467, 
0.3538681977990048, -0.19187827778597696, 0.07626990365933782, 1732892639250742483, 
0.08579644081326754, -0.9765074504766568, 0.05456088763790246, 1732892639361879099, 
0.045839124317776814, -1.0267635782707598, 0.03236691752866994, 1732892639460837093, 
0.006294276865293824, -0.2650072131599124, 0.009195322799755878, 1732892639558233654, 
-0.02823894173557262, -0.24692688684449812, 0.0015929639631665346, 1732892639652287881, 
-0.06465144282044566, -0.23648573228579828, -0.005773073846048297, 1732892639761891876, 
-0.10403837328757282, -0.25266477184000063, -0.013128583856239407, 1732892639861883874, 
-0.14296019165983542, -0.2610291627979659, -0.020776667184523593, 1732892639958952356, 
-0.4089982778881668, -1.0165330153353132, -0.043733122855705, 1732892640069427861, 
-0.572792026234232, -1.432772781914655, -0.07498336638548227, 1732892640162479623, 
-0.6049014818812923, -0.6530106799770852, -0.10577945240024607, 1732892640261842786, 
-0.6353089923267445, -0.20838988697504188, -0.12086683336281794, 1732892640360022000, 
-0.6669723314810382, -0.20690283199915283, -0.12714552037927168, 1732892640451767889, 
-0.6988317833844003, -0.21174263685885264, -0.13340754047947886, 1732892640562207839, 
-0.7339873560190473, -0.22338341512669704, -0.13998609805896572, 1732892640663040575, 
-0.7693515476173337, -0.2350658807764446, -0.14681137913471876, 1732892640760701137, 
-0.8151501841535765, -0.2705427604484308, -0.15456593918599718, 1732892640852879363, 
-0.836897836488027, -0.22515429623564417, -0.16142663788392916, 1732892640962255674, 
-0.8312912614848287, -0.0538035911041738, -0.16555595214176216, 1732892641060868229, 
-0.8326471585409246, 0.014168926490341072, -0.16672241710091867, 1732892641161890940, 
-0.8268915070816634, 0.014665848010551041, -0.16605532847382776, 1732892641271705810, 
-0.8274966821331684, 0.017168254692520774, -0.16580235651705041, 1732892641362276083, 
-0.8309623913481563, -0.01356961422164312, -0.1656900387041992, 1732892641461849290, 
-0.7444051849084037, 0.2769716574158824, -0.16019095055931523, 1732892641562385597, 
-0.700982726455633, 0.4332655496417444, -0.15175668684747953, 1732892641652913579, 
-0.6489429376673008, 0.3182074908036762, -0.13962205660208915, 1732892641762100746, 
-0.4953907425927607, 0.6853066128762407, -0.1230210937810463, 1732892641861877119, 
-0.4503191733827539, 0.6620792142818231, -0.10631019024285436, 1732892641962021550, 
-0.3891520229499103, 0.3541290654761681, -0.08899079592836166, 1732892642072522536, 
-0.2977297138365098, 0.5086315318208136, -0.07581339401127826, 1732892642162625733, 
-0.20334201512221972, 0.6193666927589686, -0.05934825012724266, 1732892642261884125, 
-0.011736767972233608, 0.9533098195475874, -0.03418723312873088, 1732892642362044689, 
0.047436710873412835, 0.8359290866521084, -0.011176138148069366, 1732892642452368222, 
0.09499524847613061, 0.3557733881612141, 0.008713012758487322, 1732892642563504007, 
0.14485780479430888, 0.32473697973632015, 0.01915265094292349, 1732892642661892989, 
0.19432790792196952, 0.33110886481946306, 0.028945397412827267, 1732892642762040871, 
0.6106154146736759, 1.5525253662645564, 0.06332007515933029, 1732892642871668198, 
0.6470422646358367, 1.5090478557128904, 0.09679903914876548, 1732892642962363432, 
0.6685912536503507, 0.193252796588916, 0.12841659553065754, 1732892643061888159, 
0.6957106792230453, 0.1622280486240287, 0.13408961316728218, 1732892643162050935, 
0.7256330308832422, 0.19013925744297167, 0.1393289975837759, 1732892643257455023, 
0.7587606443108136, 0.21016655029256093, 0.1453402902944734, 1732892643361702382, 
0.8009307362421132, 0.2509923511962368, 0.15235496076241126, 1732892643462136958, 
1.0003257038031261, 0.8052168649743751, 0.17066780562373687, 1732892643563062627, 
1.0198849456219912, 0.7298473645995932, 0.18807609237781536, 1732892643651731294, 
1.0150635849450533, 0.04912627047309067, 0.20235161562467804, 1732892643761816402, 
1.0054822219013755, -0.04800907906871895, 0.20269538349789465, 1732892643861882200, 
1.0034320520848476, -0.038771776200685615, 0.20159852392875177, 1732892643958080594, 
0.9802702470876413, -0.08403991604578054, 0.19927896807159096, 1732892644072056051, 
0.9682568914628629, -0.11725053540661594, 0.19679727937569014, 1732892644162543853, 
0.9489481597864751, -0.10440695767055419, 0.19316501988913193, 1732892644262256729, 
0.9192614026398644, -0.1633182960766614, 0.1890977635926135, 1732892644359091583, 
0.8977854236960753, -0.17054245363466594, 0.18439966574149433, 1732892644452234018, 
0.8818050131051595, -0.12485463178234994, 0.17992345596273995, 1732892644562356978, 
0.8648870000369491, -0.10966141219708736, 0.17629849578921225, 1732892644662075667, 
0.8401591407037087, -0.13881957467150263, 0.17245674358972116, 1732892644760277988, 
0.8234834143026246, -0.1380119524477482, 0.1685686370028855, 1732892644869662210, 
0.8099977658127524, -0.10053791630318758, 0.16490935472127238, 1732892644962255211, 
0.7975411093326423, -0.08647434989994096, 0.16206815262986796, 1732892645062940153, 
0.7005538689801533, -0.36481298944199714, 0.15387284960836986, 1732892645160638973, 
0.6721428961677733, -0.4179940438828966, 0.14468252496537126, 1732892645253531302, 
0.651791919329755, -0.1625398321679942, 0.1349659122985121, 1732892645362147697, 
0.6397960527107207, -0.10782281152350877, 0.13091539121388326, 1732892645462467071, 
0.622594054067557, -0.0973262175406601, 0.12761213507386884, 1732892645562461367, 
0.6032874321956899, -0.12169540171676929, 0.1243785025982645, 1732892645652843997, 
0.5836268677657453, -0.12989062100603874, 0.12063389026859947, 1732892645761771855, 
0.4476274040203193, -0.5188667605845687, 0.10896944693211698, 1732892645861841148, 
0.41297192093979884, -0.568849822753155, 0.09628174618172423, 1732892645962287717, 
0.37540209410002, -0.24075103306766432, 0.0824000946040092, 1732892646052714104, 
0.342147801393322, -0.2360803984882561, 0.07536812109554274, 1732892646162250282, 
0.30248948452313107, -0.24304203192296314, 0.06800262533443154, 1732892646262206832, 
0.2615143591754815, -0.2687781407261351, 0.060410109672795635, 1732892646362064125, 
0.21841531543270531, -0.2802472303014192, 0.05216127727542119, 1732892646451733835, 
0.18571189159158907, -0.25267489194630804, 0.04437610441331839, 1732892646562014422, 
0.154321943517157, -0.2136445730518277, 0.03722994336943009, 1732892646661870122, 
0.1327258253824608, -0.17662022069709424, 0.03151731069941379, 1732892646762295073, 
0.0012393590125190368, -0.5102752816821265, 0.019219141860809124, 1732892646872568348, 
-0.023258881010852273, -0.5199490213110436, 0.0073804202256085045, 1732892646963013822, 
-0.046298418187361134, -0.1584592573329339, -0.004554529345712958, 1732892647061974341, 
-0.06744624357298257, -0.14729120854043432, -0.009133569518079731, 1732892647162253244, 
-0.08554051073498825, -0.13080697515875706, -0.013285678166355463, 1732892647272259328, 
-0.10093275410189628, -0.11162170176304571, -0.016927967227324474, 1732892647352184261, 
-0.11675560087957204, -0.10405030048194597, -0.02021525771443044, 1732892647462032809, 
-0.12795745066069242, -0.09008232186265379, -0.023043053709477384, 1732892647563150882, 
-0.21036306811563132, -0.3120248907868643, -0.03033840797705972, 1732892647671977933, 
-0.21114762011214605, -0.2773005648381788, -0.03663120925923132, 1732892647752220134, 
-0.21027305832264698, 0.0003000326432811562, -0.04211891643669496, 1732892647861986472, 
-0.21133406923308562, -0.0006214970697985637, -0.042183649844525245, 1732892647962081226, 
-0.21200146762754102, -0.0057613643496468026, -0.042240573012218244, 1732892648051780746, 
-0.2132054825622891, -0.006238044430678287, -0.04243606796152771, 1732892648152441044, 
-0.21431439832001642, -0.007709768974918004, -0.0426347565673231, 1732892648262060120, 
-0.24963302856320957, -0.12142515333640154, -0.04514352729636767, 1732892648358336189, 
-0.2499433325059126, -0.11876311395298729, -0.04759271729260924, 1732892648472191080, 
-0.24895657253699432, 0.0022548534207174806, -0.0499021955737411, 1732892648562501651, 
-0.24663622800928664, 0.011023681655419892, -0.049702408870146236, 1732892648661998002, 
-0.24145233041597136, 0.02501414040340988, -0.04913634206415016, 1732892648759143512, 
-0.23595998857291867, 0.03558746478789324, -0.04826990313321178, 1732892648852300186, 
-0.22929858631043154, 0.040512480351799406, -0.047114060353288106, 1732892648961856285, 
-0.22184715478593486, 0.04704277928994601, -0.04580704864461901, 1732892649061928899, 
-0.21044580613001096, 0.06284260060140194, -0.044106103148425155, 1732892649160477790, 
-0.19721528131622468, 0.08210624489903395, -0.04196721614881137, 1732892649252347194, 
-0.18414990342942272, 0.08765300900196078, -0.03945406605837722, 1732892649361729602, 
-0.17259614363276765, 0.08206379227819009, -0.03693075522522767, 1732892649463322435, 
-0.16056644928390096, 0.07861151381840588, -0.03448749975640609, 1732892649561075058, 
-0.1485078263980525, 0.08029439078238387, -0.03211136128764807, 1732892649652778629, 
-0.138189209481423, 0.07459079934159323, -0.02981756567755843, 1732892649763493067, 
-0.11139586835712245, 0.12370652680310013, -0.026539526949106527, 1732892649863717448, 
-0.09815089268074373, 0.1334610560022642, -0.02318239803461928, 1732892649961783843, 
-0.08582024717345638, 0.08525207061222025, -0.019691133880754837, 1732892650052862555, 
-0.0742634205339825, 0.07962490715587078, -0.017215637359212173, 1732892650162722905, 
-0.06376304134406141, 0.07352401943131655, -0.014923113936766685, 1732892650262246088, 
-0.05320596909910702, 0.07019150478291825, -0.01274882873181006, 1732892650362426976, 
-0.04273803922393482, 0.07008334040042197, -0.01064713664447355, 1732892650453009776, 
-0.012041652476701081, 0.13721438874135314, -0.007199044053316194, 1732892650562627708, 
-0.0020322499733057553, 0.13568596416876355, -0.0037874627782627773, 1732892650662037171, 
0.006516880517353663, 0.061861776646849144, -0.0005038014621768783, 1732892650762095597, 
0.012856574193640946, 0.04962941388982234, 0.0011560803158459235, 1732892650852527209, 
0.01901726351863997, 0.04166794333762103, 0.002559381215308972, 1732892650962081335, 
0.02488419126107222, 0.04009205689143758, 0.0037838685982235424, 1732892651062019582, 
0.03233295792234625, 0.04438564801235426, 0.005082294180137229, 1732892651162221632, 
0.05226795544136986, 0.09127921393432548, 0.007299006974985888, 1732892651271671087, 
0.05343645374862316, 0.0703449860875897, 0.009202491140822618, 1732892651363273521, 
0.05336160112032973, 0.0036454855965328825, 0.01060440068735485, 1732892651462040756, 
0.05280497999960643, -0.0021049124967224366, 0.01064020232457062, 1732892651562230771, 
0.051675414015439514, -0.005620623682967378, 0.01052279967569171, 1732892651652231631, 
0.049932231161197604, -0.009575829461362742, 0.01029417501174957, 1732892651769545294, 
-0.11284578244485954, -0.5484039882009969, -0.0007492091512148283, 1732892651858034604, 
-0.1216629677213269, -0.5719839962750817, -0.012305101266999255, 1732892651959284036, 
-0.13082057680695103, -0.059915981206971614, -0.02435528846487583, 1732892652056586599, 
-0.14183850887729665, -0.06725180385323253, -0.02628813689370497, 1732892652166772853, 
-0.15432625736804229, -0.07835226853697086, -0.02846568953681933, 1732892652257058937, 
-0.16782711854009202, -0.08662869887598457, -0.03093279231902873, 1732892652357263658, 
-0.1806429388001699, -0.0877222714404254, -0.03351975431388695, 1732892652452064396, 
-0.18703141342473706, -0.06401431628215011, -0.03570009805099993, 1732892652562011033, 
-0.3316572380700395, -0.5033809975662319, -0.046622106019663094, 1732892652661975785, 
-0.3399492053155042, -0.5097259729692238, -0.057242523787352055, 1732892652758288936, 
-0.3463721893353082, -0.04904983755089576, -0.06786524218139013, 1732892652852258794, 
-0.3511125294838994, -0.03721108056131739, -0.0691622616089808, 1732892652963158365, 
-0.3580129997122858, -0.038802701256591875, -0.07036651456876623, 1732892653062058431, 
-0.369706564449387, -0.0619801165516252, -0.07192213957637147, 1732892653159271873, 
-0.38728011367499865, -0.09755704654237622, -0.07433331185577809, 1732892653251861713, 
-0.4612166887138088, -0.3050337475480726, -0.08121355778921296, 1732892653362045631, 
-0.4642262757991694, -0.2564872070805692, -0.08751487187919846, 1732892653462137335, 
-0.4583130529073878, 0.009678786021403337, -0.09225040116135773, 1732892653560314285, 
-0.4507425091676208, 0.04494588877182867, -0.0915521225249452, 1732892653669248277, 
-0.4414233409231351, 0.056299039947508844, -0.0900319268665429, 1732892653763413079, 
-0.44274412284697756, 0.02666128773547753, -0.0889939981958489, 1732892653863312866, 
-0.4464097113828518, -0.01662123486572224, -0.08870514501019763, 1732892653960050862, 
-0.434893295834946, 0.02616942337343849, -0.08826980867098502, 1732892654071292499, 
-0.42542811623254745, 0.06993865050101448, -0.08711540823002302, 1732892654151081228, 
-0.4105861580590009, 0.08102379258648373, -0.08472717134176629, 1732892654264930068, 
-0.3995970975502008, 0.08610339560782221, -0.08237409145611661, 1732892654362155565, 
-0.3460773212380973, 0.2150294560696786, -0.07708403845648659, 1732892654452826530, 
-0.31794220742668616, 0.2721829670783821, -0.07090777508099895, 1732892654563225517, 
-0.30035978299145316, 0.15239179415548051, -0.06429195411041577, 1732892654661664402, 
-0.2857642820995231, 0.10725975109054357, -0.060271084834510824, 1732892654763524126, 
-0.26922929169955107, 0.10376830430634032, -0.05702355711936849, 1732892654853390524, 
-0.2503204898871469, 0.118145974041254, -0.05368760424574807, 1732892654963167305, 
-0.17505909376844486, 0.31390065977035403, -0.04630725835700952, 1732892655063451377, 
-0.1599028261930062, 0.30139221231380237, -0.03901882732323986, 1732892655163585092, 
-0.1467334535755581, 0.09441880064295592, -0.03211302490246728, 1732892655254249973, 
-0.1331736339977267, 0.08909730731759834, -0.02932066091775273, 1732892655363136794, 
-0.11823289924956291, 0.09500184775331726, -0.026542665788189843, 1732892655462075887, 
-0.04474120967462532, 0.29477474774367124, -0.019743182861460994, 1732892655563194286, 
-0.02475671268411314, 0.31158728855149925, -0.012515388107220091, 1732892655672386008, 
-0.0045653733291523, 0.13391945448491005, -0.004937553045859384, 1732892655763394619, 
0.013264912861577688, 0.12673875181896943, -0.001070478210112517, 1732892655862120901, 
0.027488634080533453, 0.10684669136561918, 0.0024125449075305893, 1732892655963169202, 
0.04074923633207986, 0.09161441156834056, 0.005433518884946066, 1732892656073877267, 
0.0943553113755532, 0.22288892431673246, 0.010839545452544433, 1732892656164570380, 
0.10891114307026431, 0.22720635579394818, 0.016267712718526492, 1732892656263124117, 
0.12009956422507079, 0.08581417616505864, 0.02155773457805922, 1732892656363172057, 
0.12961606328356606, 0.06901640071100584, 0.023908451371926744, 1732892656473036498, 
0.13591302903697416, 0.05271154937301126, 0.025708577103040735, 1732892656563201090, 
0.14088973614916878, 0.03757890955200904, 0.027094588564647266, 1732892656658087215, 
0.16204387577995813, 0.08710282247661322, 0.029256442731073404, 1732892656758200266, 
0.16491485789179677, 0.08008373914209332, 0.03118989798806158, 1732892656857035335, 
0.16817005928908524, 0.020420611697090363, 0.03300858619738934, 1732892656947192801, 
0.1697563251846084, 0.01613822430937208, 0.0335227494910327, 1732892657057150701, 
0.17119715067612387, 0.01009030462346211, 0.03394156900998783, 1732892657158475194, 
0.16877949868004866, -0.003256088348532471, 0.03398219830271873, 1732892657252512076, 
0.16772668120409032, -0.011568231573445184, 0.03384688870401752, 1732892657362864837, 
0.16322893081292852, -0.01850189289040044, 0.03331567404647117, 1732892657462322386, 
0.15963216690457296, -0.02698171433172451, 0.03270585192810612, 1732892657559213995, 
0.15706351805866903, -0.020551375847531656, 0.031994974385078034, 1732892657672980576, 
0.1355439148599787, -0.08029417348198092, 0.030149306654881376, 1732892657763298905, 
0.13024586558061296, -0.08939217492685354, 0.02819021989995071, 1732892657862358784, 
0.12577592762428536, -0.032559957452311106, 0.026104380537658466, 1732892657960224093, 
0.1209926984150748, -0.030843890551793863, 0.025134299441331543, 1732892658070449086, 
0.3642272964346648, 0.7948378960345979, 0.04073306149826832, 1732892658103003557, 
0.37200815665678183, 0.8367181941390233, 0.057148543433768094, 1732892658263136214, 
0.37815293864211375, 0.04641880735816321, 0.074292559448904, 1732892658360934313, 
0.3883168303424012, 0.0543622456187313, 0.07589852837608645, 1732892658452794833, 
0.39970826372989, 0.07185108362592081, 0.07774520218096033, 1732892658561713864, 
0.39970826372989, 0.03797144462496257, 0.07918222385347876, 1732892658561713864, 
0.5444796949674747, 0.4825714374586158, 0.08959308149515031, 1732892658761599511, 
0.5395938899641932, 0.46628542078101076, 0.09891878991077052, 1732892658853402003, 
0.5373171291581909, -0.02387521936427957, 0.10809271427265726, 1732892658963414336, 
0.5210639647116068, -0.06176641750862152, 0.10653166558893273, 1732892659063588587, 
0.4984794014932951, -0.12945909221631913, 0.10379069969087285, 1732892659162798260, 
0.47588259653626863, -0.15060456058446045, 0.0996950641827447, 1732892659253358219, 
0.45836629685735547, -0.13371034878646548, 0.09551521965912795, 1732892659362804069, 
0.4670357448448593, -0.029489505638031027, 0.09341897588256556, 1732892659463341975, 
0.44840620843697465, -0.03320029473460273, 0.09158721667594596, 1732892659563241970, 
0.4230700847345704, -0.1465522003676297, 0.08923413586776029, 1732892659654308950, 
0.39297973890031396, -0.18475489845553564, 0.0842970688047906, 1732892659763403465, 
0.3665138772228462, -0.18852069170574748, 0.07883758005718204, 1732892659863233383, 
0.3364282869286438, -0.1885048399055672, 0.0730614602034536, 1732892659963239974, 
0.31038415170291433, -0.18709908506643946, 0.06755508772362694, 1732892660053504192, 
0.29102896947867984, -0.1513310581665465, 0.06252276054068254, 1732892660163364207, 
0.2512881079907391, -0.1969868123739175, 0.05684674861148888, 1732892660263228215, 
0.22761007652190202, -0.21139630985592608, 0.051328476932754726, 1732892660363243791, 
0.20112370887495323, -0.16721466371928617, 0.04533479289250629, 1732892660473645678, 
0.17860864262001463, -0.16333811300629128, 0.04048949520112466, 1732892660553561491, 
0.15520711561896672, -0.15305531085328838, 0.03566263114092897, 1732892660659139957, 
0.13085573813191342, -0.1591763482936707, 0.030978099758059652, 1732892660757260213, 
0.10626534294752354, -0.1631392422381439, 0.02615521311322691, 1732892660873438844, 
0.08854703302553601, -0.14102901702125803, 0.021711207606998198, 1732892660962877696, 
0.07361147541429247, -0.10884622511077024, 0.017894923425823467, 1732892661063213855, 
0.028355754084078644, -0.20063759647152457, 0.012700950834927142, 1732892661164255745, 
0.015583208695990614, -0.19342755572767287, 0.007836695879624114, 1732892661252864744, 
0.005192091958970191, -0.07721220708369485, 0.0032754036492692964, 1732892661362828483, 
-0.004559404726123262, -0.06714204474037959, 0.0010810597285891696, 1732892661463193964, 
-0.013751562743724244, -0.06314551567564812, -0.0008745917007251543, 1732892661564460689, 
-0.02166583817238099, -0.0570214448208591, -0.0026651203761485663, 1732892661653220991, 
-0.02662528069430048, -0.04291239316858745, -0.004136178774027047, 1732892661763075156, 
-0.029350887384029467, -0.02561683070549492, -0.005176133750047396, 1732892661863406946, 
-0.05130309824866808, -0.082259391847892, -0.007151951088466535, 1732892661959270457, 
-0.05273506813971163, -0.0779472691856072, -0.008892603584827278, 1732892662073125868, 
-0.05395666351776307, -0.008845217563649976, -0.010532988660409519, 1732892662162945854, 
-0.05605827009380093, -0.011077339846964351, -0.01085000011675171, 1732892662263245379, 
-0.05869805415327667, -0.015804635451711995, -0.011247532517656044, 1732892662360373500, 
-0.06270907913399304, -0.022169363467307024, -0.011831026892071377, 1732892662453048278, 
-0.0657701772482766, -0.023573743649999795, -0.012478487369036421, 1732892662563217745, 
-0.07619543524031147, -0.04495452035439477, -0.013644979441505408, 1732892662663243331, 
-0.07555602426496111, -0.03261949005561501, -0.014501442450236612, 1732892662761290703, 
-0.07511782909018672, 0.003592020500415849, -0.015124619239697287, 1732892662871017291, 
-0.07401702288143042, 0.005130004611768972, -0.014979391749105215, 1732892662963412977, 
-0.0713541525339908, 0.012545588520653054, -0.014699266967040528, 1732892663065367112, 
-0.06823361130647432, 0.019278038583186996, -0.014240319114793036, 1732892663161599962, 
-0.0649850929581669, 0.021230198586079663, -0.013638190453242134, 1732892663271688069, 
-0.06211692167437066, 0.02038896544034552, -0.013022375062600792, 1732892663322232438, 
-0.05723767765740606, 0.0258247176692028, -0.012289312819329575, 1732892663463053703, 
-0.05229780319529087, 0.03273039493026597, -0.011443493501804507, 1732892663562792008, 
-0.047075226437112816, 0.033874837400977485, -0.01044071381932065, 1732892663672931994, 
-0.04292118432065184, 0.03125539624879677, -0.009486280930203702, 1732892663763448900, 
-0.04292118432065184, 0.013846807054869922, -0.008861173005227766, 1732892663763448900, 
-0.035953544461289955, 0.02322546619787295, -0.008119727540172908, 1732892663962684598, 
-0.03487072424176951, 0.026834866929607754, -0.007583030201580754, 1732892664073584754, 
-0.02549741928735405, 0.03485375057978635, -0.006421445866027568, 1732892664163183206, 
-0.02245444225822546, 0.04138760661181351, -0.005521505719156602, 1732892664263266929, 
-0.017454008410573985, 0.026811369589266887, -0.004360391330410233, 1732892664364304551, 
-0.01181386159733755, 0.0354686022029597, -0.0034481541510757996, 1732892664473001149, 
-0.008453069923425871, 0.030003128290493713, -0.002514729328755827, 1732892664562699800, 
-0.005180990765751736, 0.022109569438619376, -0.0016965281524343437, 1732892664663275316, 
-0.003357921332078573, 0.016983828637824328, -0.0011327988014170787, 1732892664763322416, 
0.0032471184513996887, 0.02809369739050475, -0.0003527862430953747, 1732892664873583894, 
0.003444497072020991, 0.022674728013665213, 0.00022224627942280713, 1732892664964055494, 
0.003334856520211038, 0.0002924602293711646, 0.0006684314695754479, 1732892665063324681, 
0.003723623173262358, 0.0009304203374712235, 0.0007001984510329591, 1732892665163307342, 
0.0038646289583527116, 0.0017659081271389117, 0.0007282072434550738, 1732892665273388152, 
0.004608949981023569, 0.0029510893592040364, 0.0008131468075092426, 1732892665362974645, 
0.005554297930262964, 0.005632229906367507, 0.0009351917913092829, 1732892665463373991, 
0.010144915132779264, 0.018453217172518983, 0.001353877536271053, 1732892665563356325, 
0.01105068781044849, 0.01832129960061842, 0.0017833267248993812, 1732892665652974243, 
0.011864180327710305, 0.00573088398310347, 0.0022039855513958707, 1732892665762946889, 
0.012175249717439218, 0.0037485396899690957, 0.0023393411903732007, 1732892665863279315, 
0.012722794843235907, 0.0028620483850853398, 0.002450814992559029, 1732892665964367317, 
0.01289138785968813, 0.002387127140829707, 0.0025192954946908837, 1732892666073514430, 
0.013542297226396105, 0.0027316746105339926, 0.0026104319952880094, 1732892666163223831, 
0.016068513202564638, 0.01059041780958836, 0.0028334798859099247, 1732892666263396306, 
0.016876194160567515, 0.011112989780571366, 0.003099133639301884, 1732892666359381416, 
0.01784119994365263, 0.0059089558036266405, 0.003385727153785652, 1732892666473458591, 
0.01856033437518112, 0.005613800715378685, 0.003551848565293418, 1732892666563524790, 
0.016959897385427358, -0.0029376751940842403, 0.003557428780284074, 1732892666663320139, 
0.014865574559805084, -0.012315866051253455, 0.0033590537546942375, 1732892666760366846, 
0.012919920338596902, -0.013466590156101521, 0.0029830261522552897, 1732892666874216932, 
0.011516617373513505, -0.01116319062097193, 0.0026201408181276992, 1732892666963087729, 
0.011925168530798946, -0.0033158393593265187, 0.0024241137495272904, 1732892667063500265, 
0.011297929009619123, -0.0007289612129812717, 0.002315980994262105, 1732892667159683771, 
0.012770602007311393, 0.002818111588374824, 0.002399579969848631, 1732892667270993951, 
0.013962422478038028, 0.008881644894729682, 0.0025353968996645695, 1732892667351444929, 
0.013677594920685987, 0.003023309711248645, 0.002694041293735694, 1732892667464512680, 
0.013096236125693328, -0.002887287841149, 0.0027157502349611563, 1732892667561655858, 
0.009735665912093072, -0.013139763361976383, 0.002433966463898159, 1732892667672013647, 
0.007630720112373868, -0.018218386711064866, 0.002030841476677351, 1732892667763650300, 
0.004912687613379374, -0.016076594329045662, 0.001485271575856421, 1732892667864878270, 
0.004948364910368097, -0.008941184006685901, 0.0011661181757414226, 1732892667963379736, 
0.006501669276304134, 0.005296605543082533, 0.0010908481200034403, 1732892668072914995, 
0.0068154722449212946, 0.006223691115177325, 0.0012177004287729017, 1732892668163551405, 
0.004280481736899766, -0.007403958464681226, 0.001173174883875013, 1732892668263518323, 
-0.0002622959600920849, -0.023592560683377933, 0.000722243868115265, 1732892668363404965, 
-0.003015863293492793, -0.02432115010130853, 6.68214988876592e-05, 1732892668473466213, 
-0.005738153163539095, -0.018252857344823365, -0.0006010874944749315, 1732892668563079579, 
-0.009457389243065495, -0.02147175316524234, -0.0012140937133398254, 1732892668663282073, 
-0.011058451801643554, -0.01773432879368153, -0.0017502662805498762, 1732892668764516189, 
-0.013283402811732903, -0.012753378562224693, -0.002253282923762797, 1732892668873533571, 
-0.013915166877060736, -0.00952238358472394, -0.0025504680993624794, 1732892668962651764, 
-0.1815868722410855, -0.5610115647645086, -0.013919029461991942, 1732892669063356837, 
-0.1885292478179611, -0.5820469364696679, -0.025602085795740488, 1732892669164375992, 
-0.19658980710564655, -0.05000978288187019, -0.037780395144312875, 1732892669273284948, 
-0.20825672100952441, -0.06575824397187773, -0.0395583850622088, 1732892669364234728, 
-0.2222336588960483, -0.0854795059680058, -0.04180534580074795, 1732892669463562935, 
-0.23716784065584828, -0.09637039882107956, -0.044510548037428065, 1732892669564406362, 
-0.25319946646514924, -0.10321935856366982, -0.04750673106780305, 1732892669652663540, 
-0.395588527983028, -0.5280689577572658, -0.05906372234026837, 1732892669765433296, 
-0.3967426506363263, -0.4784772805705902, -0.06970204300563357, 1732892669863413104, 
-0.39463168962128825, 0.0031894612057992155, -0.0791308578827095, 1732892669964415609, 
-0.39482937976372195, 0.006377569575347815, -0.07908024800142242, 1732892670073621036, 
-0.3988187250412067, -0.013956784733061464, -0.07921865296174779, 1732892670167874890, 
-0.40136120166563877, -0.02177273967305604, -0.07966728709803782, 1732892670259387838, 
-0.40430678209914467, -0.018293523526459927, -0.08029911392039933, 1732892670359430663, 
-0.3912079322282739, 0.033844231457882956, -0.0797917277328705, 1732892670468284217, 
-0.3793344636072064, 0.08324106163979421, -0.078323278528975, 1732892670568193881, 
-0.4332015084620695, -0.13997858744598543, -0.08024959361983665, 1732892670663287997, 
-0.4143577877788336, -0.11674441390542394, -0.0817929173232073, 1732892670758450129, 
-0.4008217166010595, 0.10793263953670011, -0.08322540085613084, 1732892670873259546, 
-0.38363780425196425, 0.10239994508956445, -0.0799211539087905, 1732892670964273163, 
-0.36449298338655034, 0.12109577738169712, -0.07659683361597161, 1732892671063532962, 
-0.3479609928594976, 0.11892270464155548, -0.07307278536653414, 1732892671160433465, 
-0.3471078836576534, 0.057950332429656526, -0.07063745732691343, 1732892671273970022, 
-0.33554800243958255, 0.0413766347330502, -0.0687077919304489, 1732892671355083052, 
-0.31950199435706933, 0.09201963100194684, -0.06681052536362035, 1732892671463428631, 
-0.29991279743310595, 0.11878401668825533, -0.06366418628198385, 1732892671560729398, 
-0.29237574217397383, 0.09042084061031834, -0.06078603559760995, 1732892671671423637, 
-0.2807031489263321, 0.06403216168924623, -0.05819944590222746, 1732892671751398495, 
-0.2651005855228349, 0.0909171888371298, -0.05587863177487606, 1732892671864379357, 
-0.22675853819961606, 0.1798153690890534, -0.05150415150991887, 1732892671961751653, 
-0.21017535564015943, 0.18308409960891817, -0.046802298624174024, 1732892672053056752, 
-0.19727054663111815, 0.09829330522832636, -0.04228029603139291, 1732892672165406465, 
-0.18220324481464342, 0.0932403694183867, -0.0393099431390614, 1732892672265911566, 
-0.16927883585271544, 0.09330570259467569, -0.03658350848656513, 1732892672363493809, 
-0.15868147453519366, 0.07840590093149923, -0.034010903680170165, 1732892672404556021, 
-0.10903836323061271, 0.20080157540700908, -0.02913324490790145, 1732892672503043866, 
-0.09665036631784746, 0.20677036072448732, -0.024291346938910257, 1732892672614265801, 
-0.08477497556758283, 0.08087795887676626, -0.0193642470077362, 1732892672763625374, 
-0.07367636385503126, 0.07658000820938732, -0.017006780382697435, 1732892672872976508, 
-0.06493178836238739, 0.06614395735065147, -0.014892208519000097, 1732892672963456839, 
-0.05521123611838852, 0.06155042578880915, -0.012921292555720477, 1732892673064373996, 
-0.05521123611838852, 0.032401840813329565, -0.011690284039944295, 1732892673064373996, 
0.30779519193562077, 1.2100214268466976, 0.013158181313256249, 1732892673164632338, 
0.3258468602673471, 1.2701936546191188, 0.038562054405638625, 1732892673324131222, 
0.35522421184224556, 0.15809673302208263, 0.06592441760301423, 1732892673413020406, 
0.38630186638287717, 0.20151668705176687, 0.071158195899498, 1732892673513492728, 
0.4195007809194023, 0.2142552302571891, 0.077401790609635, 1732892673673324140, 
0.6231158509249056, 0.7893799484734281, 0.09526123321514568, 1732892673763844809, 
0.6604762188270763, 0.8032514596922468, 0.11353952337809228, 1732892673863658131, 
0.6889232886396964, 0.21935812571596935, 0.13150102389277857, 1732892673963728512, 
0.7005734676662385, 0.1336574961305407, 0.1366648650088674, 1732892674073383895, 
0.7146398042264906, 0.0857217186226474, 0.1402757707021617, 1732892674165480765, 
0.7607923379107947, 0.20072956748185397, 0.14506704065356826, 1732892674263445791, 
0.7661867417741978, 0.17182312515902373, 0.1494412589274322, 1732892674364511444, 
0.7500877566215964, -0.03568193763066089, 0.1518044557537726, 1732892674473071023, 
0.7463476521996498, -0.06613029858182647, 0.15084147670636294, 1732892674553576907, 
0.7390433845283269, -0.03681457364423194, 0.14903191955663822, 1732892674663448334, 
0.5503056174593124, -0.6534734491344582, 0.1357131102791526, 1732892674764507963, 
0.5319112770041017, -0.6904403584140839, 0.12141735193278273, 1732892674873235980, 
0.5040320580982214, -0.15424519787030336, 0.10574993017077569, 1732892674964447357, 
0.4761980905483206, -0.18571062151927034, 0.10080942837670957, 1732892675064459837, 
0.45781537430749575, -0.1540556126357521, 0.09586970153026918, 1732892675159513720, 
0.43760087839356204, -0.1286573738491951, 0.09144095621662522, 1732892675254254492, 
0.4028098495836079, -0.18335174907962623, 0.08654840681897771, 1732892675363916153, 
0.39637449351694265, -0.13742128292206465, 0.08245234809960751, 1732892675464518733, 
0.32179879017487745, -0.2700368646957681, 0.07473220888502852, 1732892675560539972, 
0.29750280182217725, -0.32957230564921797, 0.06771173903426649, 1732892675673743890, 
0.27127751826796576, -0.16840423968970564, 0.0593719406843347, 1732892675764515596, 
0.25146542664419924, -0.15345791725992672, 0.05468304978228948, 1732892675863704232, 
0.23434020891637808, -0.12312436450529225, 0.050472210255236204, 1732892675961633209, 
0.21851665985381208, -0.10982922263462387, 0.046954819694292625, 1732892676071316832, 
0.12912510771768293, -0.3507170039956505, 0.03879879843252487, 1732892676164390301, 
-0.06236250020766687, -0.9362638668715965, 0.019018617824255207, 1732892676264405157, 
-0.08830522022150777, -0.7247677597973023, -0.0014361741807661144, 1732892676362006162, 
-0.1106855986435955, -0.16107699478642878, -0.017423554604851343, 1732892676454822243, 
-0.13292431528676685, -0.1487303168841969, -0.022127675610124676, 1732892676552020583, 
-0.15689570688839327, -0.15403369414932588, -0.026700374721250374, 1732892676665971369, 
-0.18406937824207759, -0.17048354318436912, -0.03159262669448251, 1732892676763632469, 
-0.20607750033949868, -0.16393931150368468, -0.03646950569799797, 1732892676874588093, 
-0.21372238290580814, -0.09884334887910184, -0.040257950765825626, 1732892676964391770, 
-0.21575123581352007, -0.03224578491340465, -0.042370074603921795, 1732892677064458845, 
-0.21842338912461323, -0.01567002072935031, -0.043193133856262764, 1732892677164569157, 
-0.22197158583290288, -0.02073450006460938, -0.04374308071806908, 1732892677254014348, 
-0.22321219544636106, -0.01596268773915943, -0.04424047802692514, 1732892677353739313, 
-0.1810432654669749, 0.13642773455309323, -0.04174846978308259, 1732892677463732360, 
-0.17367671377253957, 0.16511827224607165, -0.03852881164572504, 1732892677563976545, 
-0.16404102705588974, 0.056674128036950565, -0.03458406708636028, 1732892677673785531, 
-0.15395727548004667, 0.06573146097497633, -0.03277833442056507, 1732892677763828011, 
-0.142257400997006, 0.07261208686294578, -0.03068371356886283, 1732892677864514499, 
-0.13187706745912597, 0.073600693403069, -0.028539449595745243, 1732892677964599350, 
-0.12044118202557308, 0.07272072990477645, -0.026305043365447003, 1732892678073916922, 
-0.10906998848183436, 0.07602359659097206, -0.024092549197768893, 1732892678153791910, 
0.13520693110619697, 0.8521603771059002, -0.006286949293414031, 1732892678263719951, 
0.1565959934238913, 0.8855532730190854, 0.012182195736550262, 1732892678364561666, 
0.18068169773231246, 0.15158255542038498, 0.031498974817493385, 1732892678474431393, 
0.20514767788465593, 0.16183894820254877, 0.036161691269390644, 1732892678565125464, 
0.23050918720616398, 0.16609163157950504, 0.04108923752154216, 1732892678663870931, 
0.4330536678822724, 0.7596866333253881, 0.05791403553153949, 1732892678764580971, 
0.45631595057592256, 0.7526892112325285, 0.0746585870442906, 1732892678870264247, 
0.4674568748801725, 0.11467735665966705, 0.09045509955589115, 1732892678968459026, 
0.47898062652576545, 0.07554891983280965, 0.0935168967987907, 1732892679060528835, 
0.49451067365780477, 0.09017932925877419, 0.09606321167091618, 1732892679159624242, 
0.5170092435642715, 0.12676205679502006, 0.09936670291652279, 1732892679273888630, 
0.633853365581915, 0.464475639747034, 0.10969155218693276, 1732892679364221338, 
0.6485163193506879, 0.4383569192880547, 0.11995859523312496, 1732892679464448921, 
0.6483536279907349, 0.04833420802939988, 0.12871488752822252, 1732892679565638918, 
0.668592923590908, 0.06692201413406725, 0.1310308580621554, 1732892679673852432, 
0.6747619843446832, 0.08802785451316075, 0.13278056906175506, 1732892679753851878, 
0.6855124756338741, 0.05639850680988675, 0.1352578255712977, 1732892679864517730, 
0.6817857362245294, 0.023412506266154248, 0.1361373464135391, 1732892679959835492, 
0.6728826921746274, -0.04209927819748901, 0.13601206026886872, 1732892680074084290, 
0.6680308183205859, -0.04584972634647855, 0.13484661644798285, 1732892680164392897, 
0.668386193181348, -0.014988329977598061, 0.1339533135784374, 1732892680264209377, 
0.5897003845438653, -0.26110144592240186, 0.12840782640305326, 1732892680361601328, 
0.5622911161737367, -0.3536502566920374, 0.12135851292659666, 1732892680474880389, 
0.5365275175408719, -0.17724289000997798, 0.11256793455056492, 1732892680564607079, 
0.5067433902160432, -0.18515908652564508, 0.10703746826204345, 1732892680664539884, 
0.47855820286005346, -0.1932310489360615, 0.10145527404113124, 1732892680762088937, 
0.45590199044919677, -0.16947133255615476, 0.09608023890168622, 1732892680872071912, 
0.33249785895762396, -0.48686781300809834, 0.08446387015112494, 1732892680965138577, 
0.3004278525115953, -0.5182471264586715, 0.07258851346122773, 1732892681065270997, 
0.2724642994378732, -0.20011186506583586, 0.06035933406047283, 1732892681163494674, 
0.24253769151532012, -0.19296720332091732, 0.054361989564319244, 1732892681254818033, 
0.21993133115501085, -0.17510989427620785, 0.04899555480721361, 1732892681363982442, 
0.09739477022588905, -0.4838097376314369, 0.037324252859748, 1732892681463715676, 
0.0676061542692381, -0.5077505896192425, 0.025662150376675866, 1732892681563655216, 
0.042781323545052485, -0.1820448222694552, 0.013852149869345309, 1732892681673813484, 
0.021575440960780456, -0.15343571102819217, 0.00879752791833807, 1732892681763873175, 
0.0029976161729927675, -0.13261235790686574, 0.004490292045255047, 1732892681863697791, 
-0.016024675181337322, -0.12533372047372593, 0.0005698921301623935, 1732892681964631463, 
-0.11250256402146341, -0.38500060064818725, -0.00836864153532053, 1732892682056425721, 
-0.13565191893982154, -0.39875747919494736, -0.017611943876174818, 1732892682153733757, 
-0.15131449128342211, -0.12937309087319568, -0.026631264949647137, 1732892682263727173, 
-0.16510551483998248, -0.09817865300053648, -0.03013812833754841, 1732892682363805950, 
-0.17673952769453205, -0.08475012137036646, -0.03287730225452911, 1732892682474631538, 
-0.22950299478219205, -0.21465826647403188, -0.038089869154447106, 1732892682564294881, 
-0.24123542783278662, -0.2149863337941819, -0.04316519668730071, 1732892682664492546, 
-0.2524832743600389, -0.07660093192615625, -0.04821477979833451, 1732892682764639050, 
-0.26019241438975427, -0.06318995518989216, -0.05026074110550532, 1732892682874054377, 
-0.2663709513308137, -0.04629225656924918, -0.05193644267204046, 1732892682953997150, 
-0.2776128685114321, -0.058068180405592695, -0.0536117489488, 1732892683064561073, 
-0.2821872190398862, -0.05272089236357506, -0.055078069258808794, 1732892683164724019, 
-0.28268826834931815, -0.016917999459620248, -0.05616589039337576, 1732892683273666446, 
-0.2785044446014908, 0.012275914794651252, -0.05622532879937968, 1732892683364142587, 
-0.2747654275458793, 0.026409469344796193, -0.055730542699779215, 1732892683464514937, 
-0.2702502503512114, 0.027513980834264668, -0.054901341499905436, 1732892683563685284, 
-0.2424662307367782, 0.10766398936367032, -0.05249879390892459, 1732892683669667185, 
-0.23945295525904342, 0.10265765030722666, -0.0501446290898022, 1732892683769036338, 
-0.23573488672132648, 0.022437813384839078, -0.047843604847809876, 1732892683859605475, 
-0.19340591054484957, 0.15349014904731284, -0.04457291683501463, 1732892683959677253, 
-0.18246341579458636, 0.17757156975580038, -0.040773614204050825, 1732892684069148271, 
-0.17171479943658285, 0.07230370369422238, -0.03650560838506792, 1732892684153778657, 
-0.16026696220806413, 0.07398817862174074, -0.03429634516261556, 1732892684264624091, 
-0.1461672130874363, 0.08515862116382185, -0.03187659831547222, 1732892684359692165, 
-0.08579976034623193, 0.24822400620610732, -0.026148929042782158, 1732892684474256667, 
-0.07090227337336352, 0.25088313238024257, -0.020191283120468785, 1732892684555381510, 
-0.05834593886025319, 0.09151273828659583, -0.014336531505323243, 1732892684664639730, 
-0.04827515014497341, 0.0754237440946337, -0.011834890825239341, 1732892684760682489, 
-0.03886001512165915, 0.06495307912864678, -0.009698740275125716, 1732892684875124630, 
0.013216326592274008, 0.20497158912415805, -0.00492792257829057, 1732892684964432436, 
0.026574670035506287, 0.21811561719055148, 6.20654337414095e-05, 1732892685064054377, 
0.041270149153946445, 0.09351274187224146, 0.005404076385448449, 1732892685160902671, 
0.054859616021420976, 0.0942831532863823, 0.008180295680724915, 1732892685272302658, 
0.09411775353867347, 0.1761586812824234, 0.012683167914269391, 1732892685364555869, 
0.10413669480506682, 0.1642569292788195, 0.016874270957677417, 1732892685465298441, 
0.11470797218942086, 0.06863406216915797, 0.02086416136887741, 1732892685563466330, 
0.12177106482241817, 0.058781233391171174, 0.02270771545446039, 1732892685673298435, 
0.12710206011611547, 0.04131362642231536, 0.0242387398085303, 1732892685765051432, 
0.13894600827786774, 0.05724981151816522, 0.025854608881093425, 1732892685866616311, 
0.14141207264821376, 0.047700041773660974, 0.02716400940281313, 1732892685963698838, 
0.14323155283558386, 0.014285148525720418, 0.028239308917444358, 1732892686074062164, 
0.1437592796327154, 0.007824023281672124, 0.0285601936744342, 1732892686163943232, 
0.14140470588067644, -0.006089489849691414, 0.02855970255659838, 1732892686263654218, 
0.13008347424626376, -0.04558601795483878, 0.02768316398397704, 1732892686363723378, 
0.1257255051222732, -0.05226400252801078, 0.02648091234994756, 1732892686474612758, 
0.12193938404065818, -0.027146967352018603, 0.025183224227279675, 1732892686564256619, 
0.1182831978991743, -0.02480769074366303, 0.02439653913747371, 1732892686664576489, 
0.0949769417231221, -0.08987480772512028, 0.02234663491086364, 1732892686764764541, 
0.08783368991291352, -0.1014983599542026, 0.020072921969013995, 1732892686873930541, 
0.08251429575027958, -0.04154215324280841, 0.017688328492421013, 1732892686964067116, 
0.07629987507247371, -0.03844604946813268, 0.01644319071571112, 1732892687063661228, 
0.07202517486828097, -0.03496373627332868, 0.015389289712735617, 1732892687163701378, 
0.04257639308495853, -0.1124116066250506, 0.01272676286838088, 1732892687274200056, 
0.036190869758344846, -0.11944768369978709, 0.01005282918077229, 1732892687303822047, 
0.030255457231635807, -0.04106978617774241, 0.007268181338329279, 1732892687463649109, 
0.02494417584866304, -0.03748897969893935, 0.0060927001892429125, 1732892687563715730, 
0.019027175647263084, -0.037427605281242414, 0.004948453915170795, 1732892687675340740, 
-0.006448230326904669, -0.10464135391855904, 0.002501541411268097, 1732892687754589426, 
-0.012990302009220356, -0.10672492552161146, -2.7423779257462755e-05, 1732892687863810452, 
-0.01797620438348857, -0.038426580188613, -0.002494315781307573, 1732892687964753786, 
-0.02113907495616041, -0.027162576489800177, -0.0034737054232579557, 1732892688075342998, 
-0.02469669976112554, -0.0224016512587899, -0.004254131940051634, 1732892688165363168, 
-0.03970707830850473, -0.0618933445078144, -0.0057028568683860454, 1732892688263698325, 
-0.03970707830850473, -0.05003459515793063, -0.006940723758542333, 1732892688263698325, 
-0.0405819371244871, -0.0029161960532745703, -0.007999739582766436, 1732892688474337217, 
-0.04251976779654387, -0.009375631626797146, -0.008187252215302379, 1732892688565149011, 
-0.04424147008600032, -0.012198443205044077, -0.008489545000468753, 1732892688663706144, 
-0.044616899728517456, -0.006990439773245279, -0.00875854250740411, 1732892688759750764, 
-0.04411461404243422, 0.000422853478553679, -0.008864865590463466, 1732892688875552710, 
-0.04250178103156088, 0.007050395656521917, -0.008748886320167504, 1732892688955639468, 
