x, y, th, stamp, 
-2.3967032432556152, 4.02267599105835, 3.137838363269033, 1731679429728285633, 
-2.3967032432556152, 4.02267599105835, 3.13783836332995, 1731679429778349586, 
-2.3967032432556152, 4.02267599105835, 3.1378383634583473, 1731679429827883169, 
-2.3967032432556152, 4.02267599105835, 3.1378383634805873, 1731679429887538392, 
-2.3967032432556152, 4.02267599105835, 3.137838363557184, 1731679429938530661, 
-2.3967032432556152, 4.02267599105835, 3.137838363231161, 1731679429988323985, 
-2.3967032432556152, 4.02267599105835, 3.1378383633695885, 1731679430178290301, 
-2.3967032432556152, 4.02267599105835, 3.137838363152792, 1731679430288327723, 
-2.3967032432556152, 4.02267599105835, 3.1378383631240183, 1731679430388325180, 
-2.3967032432556152, 4.02267599105835, 3.137838363244037, 1731679430478254393, 
-2.3967032432556152, 4.02267599105835, 3.1378383632209346, 1731679430584286045, 
-2.3967032432556152, 4.02267599105835, 3.1378383632209346, 1731679430692666626, 
-2.3967032432556152, 4.02267599105835, 3.1378383632209346, 1731679430783334434, 
-2.3967032432556152, 4.02267599105835, 3.1378383632209346, 1731679430883258816, 
-2.3967032432556152, 4.02267599105835, 3.1378383632209346, 1731679430984374865, 
-2.3967032432556152, 4.02267599105835, 3.1378383632209346, 1731679431093345932, 
-2.3967032432556152, 4.02267599105835, 3.1378383632209346, 1731679431143879251, 
-2.3967032432556152, 4.02267599105835, 3.1378383632209346, 1731679431283273273, 
-2.3967032432556152, 4.02267599105835, 3.1378383632209346, 1731679431333303418, 
-2.3967032432556152, 4.02267599105835, 3.1378383632209346, 1731679431384385344, 
-2.3967032432556152, 4.02267599105835, 3.1378383632209346, 1731679431583339784, 
-2.3967032432556152, 4.02267599105835, 3.1378383632209346, 1731679431683480196, 
-2.3967032432556152, 4.02267599105835, 3.1378383632209346, 1731679431732329037, 
-2.3967032432556152, 4.02267599105835, 3.1378378862431924, 1731679432083272679, 
-2.3967032432556152, 4.02267599105835, 3.137837886341358, 1731679432178449317, 
-2.3967032432556152, 4.02267599105835, 3.137837886247202, 1731679432293624028, 
-2.3967032432556152, 4.02267599105835, 3.1378378863293395, 1731679432338338670, 
-2.3967032432556152, 4.02267599105835, 3.1378378864916083, 1731679432433317309, 
-2.3967032432556152, 4.02267599105835, 3.137837886592741, 1731679432533417074, 
-2.3967032432556152, 4.02267599105835, 3.1378378865302277, 1731679432692932573, 
-2.3967032432556152, 4.02267599105835, 3.1378381250294565, 1731679432783559097, 
-2.397467613220215, 4.0225934982299805, -3.1108145706651893, 1731679432883282130, 
-2.399609088897705, 4.021530628204346, -3.0084824639796457, 1731679432979414924, 
-2.403829574584961, 4.0205607414245605, -2.884671153528891, 1731679433092734663, 
-2.4086575508117676, 4.019306659698486, -2.792434498364972, 1731679433183362923, 
-2.4147281646728516, 4.0175299644470215, -2.693135690274, 1731679433283313499, 
-2.4208295345306396, 4.01429557800293, -2.5953902787159047, 1731679433379333067, 
-2.4286394119262695, 4.009248733520508, -2.4807294458687803, 1731679433492717165, 
-2.4361064434051514, 4.002707481384277, -2.378088489728288, 1731679433583353370, 
-2.4452154636383057, 3.9927053451538086, -2.2412860731877178, 1731679433683317977, 
-2.4527437686920166, 3.9818646907806396, -2.11219020928844, 1731679433779353800, 
-2.4586687088012695, 3.9715347290039062, -2.0039438047973035, 1731679433892709783, 
-2.464110851287842, 3.9589061737060547, -1.8884140722926974, 1731679433983357556, 
-2.4699313640594482, 3.9406731128692627, -1.7540035171893278, 1731679434083306007, 
-2.472105026245117, 3.925309658050537, -1.6446228617229208, 1731679434179346967, 
-2.472550868988037, 3.91941499710083, -1.604670278073773, 1731679434223507860, 
-2.471630811691284, 3.8932502269744873, -1.447074999269627, 1731679434383371457, 
-2.4690639972686768, 3.875936269760132, -1.3452845416660624, 1731679434483508697, 
-2.4642703533172607, 3.8592495918273926, -1.249355621582693, 1731679434579339032, 
-2.457995891571045, 3.8414323329925537, -1.1538285748154313, 1731679434672795496, 
-2.4482367038726807, 3.8219070434570312, -1.0432414173690174, 1731679434783380148, 
-2.4367902278900146, 3.8031842708587646, -0.9423806245801951, 1731679434883333966, 
-2.423448324203491, 3.785442352294922, -0.8448104615074725, 1731679434979457936, 
-2.4135122299194336, 3.7745115756988525, -0.7793900224091036, 1731679435042937740, 
-2.3974478244781494, 3.759798049926758, -0.6799265327979104, 1731679435138782344, 
-2.369417667388916, 3.739384651184082, -0.5360678855649166, 1731679435283310848, 
-2.3482470512390137, 3.7277910709381104, -0.4387918418327167, 1731679435380366225, 
-2.3258490562438965, 3.7181191444396973, -0.34622863874597315, 1731679435472798484, 
-2.296835422515869, 3.7089669704437256, -0.23654646400800017, 1731679435583391797, 
-2.2679238319396973, 3.703306198120117, -0.13573407479699695, 1731679435683364099, 
-2.2524759769439697, 3.7018167972564697, -0.0848337628252603, 1731679435734354184, 
-2.2086844444274902, 3.7014987468719482, 0.05663490658578275, 1731679435873494723, 
-2.173327922821045, 3.705568552017212, 0.16934739063852852, 1731679435983393166, 
-2.1409337520599365, 3.71262526512146, 0.26538442966765574, 1731679436082819292, 
-2.1099913120269775, 3.7223455905914307, 0.35809066110545745, 1731679436180420626, 
-2.074718713760376, 3.736999988555908, 0.4608134255188339, 1731679436294627246, 
-2.0478971004486084, 3.751384973526001, 0.5419042816521484, 1731679436383399244, 
-2.0192930698394775, 3.7700908184051514, 0.633120861080467, 1731679436483336760, 
-2.005509853363037, 3.7802820205688477, 0.6781083362207384, 1731679436534368383, 
-1.969657301902771, 3.812199115753174, 0.7972319007113239, 1731679436672968128, 
-1.9438368082046509, 3.8404645919799805, 0.890713630640761, 1731679436783403469, 
-1.92250657081604, 3.8684492111206055, 0.9706586369042539, 1731679436883558848, 
-1.9041213989257812, 3.897073745727539, 1.0509426250203753, 1731679436980444936, 
-1.88583505153656, 3.9316203594207764, 1.1375714453024208, 1731679437090460634, 
-1.8726012706756592, 3.962028741836548, 1.2085324739074181, 1731679437183406372, 
-1.8663557767868042, 3.978935718536377, 1.245607247832929, 1731679437233375152, 
-1.8517581224441528, 4.029435634613037, 1.3558272361978276, 1731679437380392169, 
-1.8472847938537598, 4.05158805847168, 1.402101883369371, 1731679437442851020, 
-1.841146469116211, 4.101651668548584, 1.5053228825155616, 1731679437584451852, 
-1.840081810951233, 4.1378984451293945, 1.5739683411241072, 1731679437683542848, 
-1.8412628173828125, 4.173364162445068, 1.6417903024238152, 1731679437781445239, 
-1.8454911708831787, 4.2133049964904785, 1.7186126495608274, 1731679437890811998, 
-1.851530909538269, 4.246192932128906, 1.779966347308173, 1731679437983490297, 
-1.8603992462158203, 4.281865119934082, 1.845951351071971, 1731679438083344785, 
-1.8711841106414795, 4.316215991973877, 1.909409323043451, 1731679438181464247, 
-1.8831214904785156, 4.3475236892700195, 1.9694328917085264, 1731679438272842160, 
-1.9001890420913696, 4.3844380378723145, 2.040405640503437, 1731679438383421939, 
-1.9181030988693237, 4.4163384437561035, 2.101336046125685, 1731679438483346338, 
-1.9376001358032227, 4.446881294250488, 2.1599198801585002, 1731679438581483459, 
-1.9576752185821533, 4.474803924560547, 2.2170578154318052, 1731679438673449891, 
-1.9832582473754883, 4.506072998046875, 2.2819437403041416, 1731679438783425875, 
-2.0086276531219482, 4.533685207366943, 2.3396108637809956, 1731679438883426532, 
-2.035266876220703, 4.559106349945068, 2.396938536569139, 1731679438981471792, 
-2.0613536834716797, 4.58133602142334, 2.449795400079543, 1731679439072752417, 
-2.0947186946868896, 4.606860160827637, 2.511793499479814, 1731679439183468953, 
-2.1260130405426025, 4.627838134765625, 2.566125100832056, 1731679439283354871, 
-2.1579480171203613, 4.646985054016113, 2.618013894553353, 1731679439381486510, 
-2.1887950897216797, 4.663369178771973, 2.6687037697635763, 1731679439472771484, 
-2.226844072341919, 4.681052207946777, 2.7249120882016706, 1731679439583433330, 
-2.2624189853668213, 4.695162296295166, 2.7776033975473453, 1731679439684362010, 
-2.2983200550079346, 4.70743989944458, 2.8300104091846436, 1731679439782431350, 
-2.3386545181274414, 4.718730926513672, 2.8852357643113264, 1731679439891838192, 
-2.373117446899414, 4.726343154907227, 2.9297087364563668, 1731679439983435304, 
-2.4113821983337402, 4.733169078826904, 2.9782073416386656, 1731679440084423505, 
-2.4490017890930176, 4.737977027893066, 3.0264813759397984, 1731679440182406318, 
-2.484280586242676, 4.741068363189697, 3.0723395329207195, 1731679440272781665, 
-2.503767728805542, 4.741977214813232, 3.096208340312724, 1731679440324493548, 
-2.5667293071746826, 4.741644382476807, -3.1116037350919035, 1731679440485525213, 
-2.6047356128692627, 4.739327430725098, -3.063800811225934, 1731679440582133042, 
-2.640374183654785, 4.735196590423584, -3.024060957467234, 1731679440673579452, 
-2.6829967498779297, 4.7288594245910645, -2.9753267874438616, 1731679440784450657, 
-2.721102476119995, 4.721036434173584, -2.930373204675721, 1731679440885379752, 
-2.7575864791870117, 4.7119364738464355, -2.887219397931893, 1731679440982509955, 
-2.7989211082458496, 4.699433326721191, -2.8391788147073425, 1731679441092860633, 
-2.8328449726104736, 4.687715530395508, -2.8010980736101923, 1731679441185454652, 
-2.8687222003936768, 4.673752784729004, -2.757723815562764, 1731679441286451963, 
-2.9042866230010986, 4.657926082611084, -2.718086682819904, 1731679441382490690, 
-2.9428656101226807, 4.638735294342041, -2.6751637099472467, 1731679441492152579, 
-2.9746148586273193, 4.6215715408325195, -2.6378452512166795, 1731679441584459392, 
-3.0082998275756836, 4.6016764640808105, -2.5949873267909034, 1731679441685400984, 
-3.041059970855713, 4.5804219245910645, -2.5587166189247506, 1731679441783447972, 
-3.0762853622436523, 4.5554890632629395, -2.516403174196212, 1731679441893044479, 
-3.10461688041687, 4.533849239349365, -2.4811273031748518, 1731679441983444889, 
-3.134868621826172, 4.5087103843688965, -2.4442991352343677, 1731679442083429160, 
-3.1643645763397217, 4.482334613800049, -2.406179158839427, 1731679442183549989, 
-3.1896402835845947, 4.457958698272705, -2.3704476150625373, 1731679442273991782, 
-3.2194924354553223, 4.427053928375244, -2.3301151911966658, 1731679442383443183, 
-3.245927095413208, 4.397487640380859, -2.2938003637345257, 1731679442482703162, 
-3.2713756561279297, 4.366625785827637, -2.2569201658803664, 1731679442583614865, 
-3.2978515625, 4.33202600479126, -2.216579722226223, 1731679442692835761, 
-3.3185126781463623, 4.3027448654174805, -2.18482542960385, 1731679442783606179, 
-3.3404014110565186, 4.269782543182373, -2.1496228766888796, 1731679442883475975, 
-3.3608806133270264, 4.236093044281006, -2.1107893470381955, 1731679442983538761, 
-3.3781635761260986, 4.205073833465576, -2.0788339110230574, 1731679443074593016, 
-3.39839243888855, 4.16609001159668, -2.042193993461858, 1731679443184449935, 
-3.407118558883667, 4.148342132568359, -2.024317823328738, 1731679443234596519, 
-3.430825710296631, 4.093345642089844, -1.9684220988469225, 1731679443383475907, 
-3.443718194961548, 4.0599470138549805, -1.9376789012923112, 1731679443474472703, 
-3.4577994346618652, 4.018643856048584, -1.896519990196421, 1731679443584509520, 
-3.469088315963745, 3.9810168743133545, -1.8613953026604555, 1731679443683550296, 
-3.4746053218841553, 3.962200403213501, -1.8436414770491096, 1731679443733464888, 
-3.4795031547546387, 3.9424993991851807, -1.8269982678035046, 1731679443783671443, 
-3.4852631092071533, 3.9189295768737793, -1.8063705770442404, 1731679443842782896, 
-3.487765312194824, 3.9073307514190674, -1.7953069288515338, 1731679443874067342, 
-3.491846799850464, 3.88800048828125, -1.7772198021425267, 1731679443922884791, 
-3.50758695602417, 3.5754854679107666, -1.48793091150532, 1731679445875214786, 
-3.5075840950012207, 3.575488567352295, -1.4879625055351058, 1731679445983777901, 
-3.507542371749878, 3.5749852657318115, -1.4870564630880927, 1731679446083017614, 
-3.5063283443450928, 3.5650603771209717, -1.476134472756086, 1731679446183943046, 
-3.504472494125366, 3.549095869064331, -1.4604693566220306, 1731679446275231505, 
-3.500725746154785, 3.5212717056274414, -1.431222217604725, 1731679446384534860, 
-3.49562668800354, 3.4870011806488037, -1.393908675096885, 1731679446484138376, 
-3.487978458404541, 3.4471852779388428, -1.360745398329384, 1731679446584498420, 
-3.4782350063323975, 3.4040613174438477, -1.3263082690301626, 1731679446692657615, 
-3.4691574573516846, 3.368953227996826, -1.293431185653306, 1731679446784573777, 
-3.457947015762329, 3.3308732509613037, -1.2586330649564197, 1731679446884647847, 
-3.4453089237213135, 3.293208122253418, -1.2219263811687178, 1731679446984623119, 
-3.432495355606079, 3.2593207359313965, -1.1898822627768413, 1731679447075246168, 
-3.4156055450439453, 3.2189619541168213, -1.1507076318947131, 1731679447183680065, 
-3.3989367485046387, 3.182760715484619, -1.113345642799991, 1731679447283742400, 
-3.380514621734619, 3.146688938140869, -1.0776360094313524, 1731679447384474518, 
-3.363100290298462, 3.115293025970459, -1.0453204640138085, 1731679447473864453, 
-3.340360164642334, 3.0775394439697266, -1.0015812971347147, 1731679447583953716, 
-3.3184523582458496, 3.0442981719970703, -0.9661851817937401, 1731679447682992985, 
-3.2951087951660156, 3.011349678039551, -0.9292932630449924, 1731679447784482889, 
-3.273165225982666, 2.982539653778076, -0.8948723228279878, 1731679447872995684, 
-3.2450640201568604, 2.948720932006836, -0.8548583710940725, 1731679447984061969, 
-3.2181856632232666, 2.9186086654663086, -0.8169780205068362, 1731679448084484015, 
-3.190441608428955, 2.8898379802703857, -0.7776644981947255, 1731679448184035461, 
-3.164874315261841, 2.865067720413208, -0.7432549002321133, 1731679448274638374, 
-3.1320314407348633, 2.835891008377075, -0.703862873908714, 1731679448383679831, 
-3.1007192134857178, 2.8102290630340576, -0.6681509258349908, 1731679448484620606, 
-3.06917142868042, 2.786010265350342, -0.6291739282963809, 1731679448584540876, 
-3.033050060272217, 2.7603228092193604, -0.5868493711493997, 1731679448693883507, 
-3.0162196159362793, 2.7492730617523193, -0.56958473524514, 1731679448743789725, 
-2.9686391353607178, 2.7201907634735107, -0.5163108424941704, 1731679448884470126, 
-2.9336585998535156, 2.7009172439575195, -0.4782151878459773, 1731679448984510829, 
-2.894223213195801, 2.6811628341674805, -0.4403564842308163, 1731679449093930113, 
-2.8612899780273438, 2.665996789932251, -0.405138575982467, 1731679449184587949, 
-2.8247125148773193, 2.6508381366729736, -0.3678236775080682, 1731679449284540752, 
-2.7872061729431152, 2.6368956565856934, -0.3320798686596493, 1731679449384520588, 
-2.7452378273010254, 2.62302565574646, -0.28978792687396077, 1731679449493697770, 
-2.710819959640503, 2.6131248474121094, -0.2555582345207548, 1731679449584537509, 
-2.671727418899536, 2.6032347679138184, -0.2195882031298222, 1731679449684484252, 
-2.632035732269287, 2.5947799682617188, -0.1828137523538908, 1731679449784515476, 
-2.5968894958496094, 2.588740587234497, -0.14851453272947998, 1731679449873906486, 
-2.5530242919921875, 2.5828261375427246, -0.1066440320860876, 1731679449984570043, 
-2.513038396835327, 2.5790395736694336, -0.06797709287709212, 1731679450084482560, 
-2.4732046127319336, 2.5767595767974854, -0.031485384803080295, 1731679450184512358, 
-2.4371066093444824, 2.575899600982666, 0.0035122293249567195, 1731679450273899319, 
-2.392756700515747, 2.5767416954040527, 0.04313978313019754, 1731679450384560184, 
-2.352574586868286, 2.579180955886841, 0.07919168406307142, 1731679450484485633, 
-2.3124301433563232, 2.5828359127044678, 0.11795160115406698, 1731679450584520145, 
-2.269230842590332, 2.5886449813842773, 0.15972921164292286, 1731679450693720112, 
-2.233342409133911, 2.594780683517456, 0.1928307457933599, 1731679450785555762, 
-2.19389009475708, 2.602903366088867, 0.23121285343474446, 1731679450884494328, 
-2.154975652694702, 2.612508773803711, 0.26755185602165626, 1731679450984524749, 
-2.1121883392333984, 2.625047445297241, 0.30882912216560865, 1731679451093686670, 
-2.0778679847717285, 2.636420726776123, 0.34303032081991497, 1731679451185570154, 
-2.040788173675537, 2.650277614593506, 0.38121525941583095, 1731679451284496125, 
-2.00361967086792, 2.6658124923706055, 0.4169324730903937, 1731679451384555387, 
-1.9706387519836426, 2.6808457374572754, 0.44931095516899394, 1731679451473682905, 
-1.9311087131500244, 2.7007148265838623, 0.4897206900278993, 1731679451585573954, 
-1.8962205648422241, 2.719998598098755, 0.5282773167027428, 1731679451684499361, 
-1.8616740703582764, 2.7407710552215576, 0.564035092039772, 1731679451784550252, 
-1.824951410293579, 2.764979124069214, 0.6069991528733912, 1731679451894058957, 
-1.79513680934906, 2.785991668701172, 0.6431579971469339, 1731679451985580175, 
-1.763227105140686, 2.810555934906006, 0.6787894969609275, 1731679452084505718, 
-1.7320774793624878, 2.8363113403320312, 0.7146559154803035, 1731679452184532236, 
-1.7138575315475464, 2.8521296977996826, 0.7383817205177258, 1731679452243900150, 
-1.6847277879714966, 2.879344940185547, 0.7755299349192525, 1731679452344564888, 
-1.6583555936813354, 2.905881881713867, 0.8090782351698593, 1731679452437551420, 
-1.6200237274169922, 2.9477295875549316, 0.8624638210129386, 1731679452579073577, 
-1.595928430557251, 2.9764416217803955, 0.8976421278124513, 1731679452673677401, 
-1.5783601999282837, 2.998737096786499, 0.9218270257009019, 1731679452743689716, 
-1.5569045543670654, 3.0277814865112305, 0.9542471827740034, 1731679452833832799, 
-1.534355640411377, 3.060413122177124, 0.9929964883333496, 1731679452933699124, 
-1.5045558214187622, 3.108217716217041, 1.0454946144520127, 1731679453073749077, 
-1.483115315437317, 3.146268606185913, 1.0855918958715836, 1731679453183724412, 
-1.4650202989578247, 3.181783676147461, 1.124616811078803, 1731679453283689045, 
-1.448249340057373, 3.218259334564209, 1.1604492350194122, 1731679453384602111, 
-1.431121826171875, 3.259040355682373, 1.1995251636462059, 1731679453494524674, 
-1.4183976650238037, 3.2927846908569336, 1.2346716399515216, 1731679453585605241, 
-1.405791163444519, 3.330296754837036, 1.2714229994269362, 1731679453684595706, 
-1.3945856094360352, 3.368664503097534, 1.3071751683475605, 1731679453783792707, 
-1.385552167892456, 3.4036202430725098, 1.3411200951771178, 1731679453874174088, 
-1.3811306953430176, 3.4229021072387695, 1.3593888516554629, 1731679453924514694, 
-1.3725463151931763, 3.4661338329315186, 1.3980747322120088, 1731679454034621603, 
-1.3634161949157715, 3.5258262157440186, 1.454230150651635, 1731679454184807745, 
-1.359620451927185, 3.5613434314727783, 1.4886539128154412, 1731679454274101512, 
-1.3565858602523804, 3.605238199234009, 1.53047051197735, 1731679454383889700, 
-1.355695366859436, 3.62549090385437, 1.5481763515490858, 1731679454433733940, 
-1.3555433750152588, 3.6837074756622314, 1.6001358184859393, 1731679454579732063, 
-1.3562589883804321, 3.7078826427459717, 1.6217860524062717, 1731679454639769561, 
-1.357305884361267, 3.723174571990967, 1.6351407706116263, 1731679454678829970, 
-1.3648579120635986, 3.8029403686523438, 1.7048476163259885, 1731679454880537914, 
-1.3675270080566406, 3.822397470474243, 1.7235294094243847, 1731679454929569637, 
-1.3788748979568481, 3.884669065475464, 1.7792889965067835, 1731679455089608955, 
-1.3877058029174805, 3.923518657684326, 1.813823918067665, 1731679455189615106, 
-1.3926640748977661, 3.943052291870117, 1.8321647046801008, 1731679455239583261, 
-1.4021637439727783, 3.9774200916290283, 1.8641870516185852, 1731679455328795051, 
-1.4207098484039307, 4.034200191497803, 1.9147449901932323, 1731679455478704202, 
-1.4261103868484497, 4.049132823944092, 1.9292021695350534, 1731679455519640530, 
-1.4504590034484863, 4.10948371887207, 1.98990905524277, 1731679455684620611, 
-1.458807110786438, 4.12778377532959, 2.007546376139911, 1731679455733651134, 
-1.4779598712921143, 4.167791366577148, 2.0458850937520565, 1731679455845559912, 
-1.5035197734832764, 4.215400695800781, 2.09453864271034, 1731679455983737992, 
-1.5179048776626587, 4.24029016494751, 2.1263503986225474, 1731679456083685100, 
-1.5285534858703613, 4.257664203643799, 2.146988165980032, 1731679456185164946, 
-1.5360437631607056, 4.268908500671387, 2.1622991429811527, 1731679456244608200, 
-1.562968373298645, 4.307417392730713, 2.2106672330448314, 1731679456383698804, 
-1.5755691528320312, 4.324094295501709, 2.226162060031384, 1731679456434639650, 
-1.600508213043213, 4.355340957641602, 2.2594881879101263, 1731679456533709115, 
-1.6238731145858765, 4.383190155029297, 2.291700592487174, 1731679456625425235, 
-1.6557930707931519, 4.418555736541748, 2.335664283432534, 1731679456745110028, 
-1.6953401565551758, 4.458098411560059, 2.386632030231494, 1731679456883791648, 
-1.7246474027633667, 4.485135078430176, 2.424205888263074, 1731679456985618098, 
-1.7582064867019653, 4.5134053230285645, 2.4652080220466135, 1731679457094280432, 
-1.7864484786987305, 4.53556489944458, 2.497685849165518, 1731679457183654894, 
-1.8181629180908203, 4.558719635009766, 2.5342397572950754, 1731679457284568507, 
-1.8514829874038696, 4.581234931945801, 2.569930066653246, 1731679457385612410, 
-1.8820008039474487, 4.600198268890381, 2.603965722457566, 1731679457473662135, 
-1.9204742908477783, 4.622199058532715, 2.645977283811717, 1731679457584629195, 
-1.9560519456863403, 4.640652656555176, 2.681950797328997, 1731679457684624471, 
-1.992048740386963, 4.657851696014404, 2.7210664943663696, 1731679457785722044, 
-2.025315284729004, 4.672286510467529, 2.7524785544364243, 1731679457874046830, 
-2.0663368701934814, 4.688455104827881, 2.791261657810752, 1731679457983733077, 
-2.1040167808532715, 4.701713562011719, 2.8288621945201036, 1731679458084575555, 
-2.140509843826294, 4.712953567504883, 2.864628779078671, 1731679458180607367, 
-2.176997184753418, 4.722839832305908, 2.8978838467719528, 1731679458274070603, 
-2.2201006412506104, 4.732821464538574, 2.937246774771386, 1731679458384641391, 
-2.2591865062713623, 4.74033260345459, 2.97423814984298, 1731679458483782641, 
-2.278790235519409, 4.74357271194458, 2.992927806026864, 1731679458534728784, 
-2.322875499725342, 4.749325275421143, 3.0318050522288544, 1731679458644221485, 
-2.3607096672058105, 4.753098011016846, 3.0656604768621154, 1731679458740345491, 
-2.3978829383850098, 4.755410671234131, 3.1022546273476634, 1731679458833857126, 
-2.4380736351013184, 4.756269931793213, 3.1380097867237993, 1731679458935624295, 
-2.4822700023651123, 4.755733489990234, -3.1066589361316894, 1731679459044429918, 
-2.5382702350616455, 4.75261116027832, -3.0518391063334165, 1731679459184649138, 
-2.578369379043579, 4.74836540222168, -3.0157180044681735, 1731679459283767302, 
-2.5980637073516846, 4.745792865753174, -2.996760122481526, 1731679459334754949, 
-2.6414027214050293, 4.738677024841309, -2.9536578591205362, 1731679459444580009, 
-2.678978443145752, 4.731105327606201, -2.918395275978895, 1731679459539894688, 
-2.7350521087646484, 4.717283725738525, -2.8673937007035364, 1731679459683769902, 
-2.754471778869629, 4.711732864379883, -2.8488039795018487, 1731679459734729483, 
-2.8071975708007812, 4.694494247436523, -2.797510909141157, 1731679459874219218, 
-2.8485922813415527, 4.679089069366455, -2.7592527801308795, 1731679459983746287, 
-2.8850927352905273, 4.663668632507324, -2.7215458796379206, 1731679460084597624, 
-2.919563055038452, 4.647657871246338, -2.687277897504457, 1731679460179657005, 
-2.953796625137329, 4.630310535430908, -2.6535520100217735, 1731679460275346168, 
-2.9922940731048584, 4.608957767486572, -2.616761229746531, 1731679460383858506, 
-3.026008129119873, 4.588696479797363, -2.581129067741188, 1731679460484603063, 
-3.058473587036133, 4.567739963531494, -2.545501749408952, 1731679460580711634, 
-3.0887868404388428, 4.546487808227539, -2.513710637989838, 1731679460674252207, 
-3.1240813732147217, 4.520157814025879, -2.471531888283276, 1731679460783669984, 
-3.155100107192993, 4.494931221008301, -2.4340513977537133, 1731679460884609079, 
-3.184413194656372, 4.469107627868652, -2.4024590753978954, 1731679460980748649, 
-3.2115767002105713, 4.443725109100342, -2.3675649386345645, 1731679461074073584, 
-3.242684841156006, 4.412776470184326, -2.3250647797723496, 1731679461184674630, 
-3.256258487701416, 4.398103713989258, -2.3064870976483336, 1731679461233653511, 
-3.294652223587036, 4.3536272048950195, -2.2525876368543907, 1731679461380759249, 
-3.3178281784057617, 4.324361324310303, -2.2174219781730895, 1731679461473906344, 
-3.343942880630493, 4.288696765899658, -2.1778471212138824, 1731679461584743906, 
-3.3663651943206787, 4.255279541015625, -2.140438038728792, 1731679461685619236, 
-3.3869705200195312, 4.222230911254883, -2.10637278336226, 1731679461780722698, 
-3.405649423599243, 4.1899733543396, -2.070022963991183, 1731679461874222578, 
-3.4262101650238037, 4.1507415771484375, -2.0315837761396427, 1731679461984822034, 
-3.4434382915496826, 4.114971160888672, -1.9951679556973771, 1731679462083786457, 
-3.4592204093933105, 4.07921028137207, -1.9571608485582492, 1731679462180820214, 
-3.4730067253112793, 4.044334411621094, -1.9247856653301851, 1731679462275238448, 
-3.4876673221588135, 4.002773761749268, -1.8852596258860181, 1731679462384703892, 
-3.499440908432007, 3.9646148681640625, -1.8469576540025605, 1731679462483688225, 
-3.504664421081543, 3.945535898208618, -1.8280151375842726, 1731679462535675110, 
-3.5180418491363525, 3.890976905822754, -1.7785708798198805, 1731679462674646260, 
-3.526597738265991, 3.8474526405334473, -1.7387417805998788, 1731679462784887851, 
-3.5326550006866455, 3.807877540588379, -1.701814544889838, 1731679462885390830, 
-3.5373311042785645, 3.7689452171325684, -1.6667289624170056, 1731679462981758144, 
-3.539409875869751, 3.7439591884613037, -1.6451289563203069, 1731679463044317878, 
-3.542713165283203, 3.6884920597076416, -1.590814895351387, 1731679463184692943, 
-3.542834520339966, 3.6481082439422607, -1.5535261153562594, 1731679463283654483, 
-3.541598320007324, 3.6089513301849365, -1.519970631724977, 1731679463381793604, 
-3.5392165184020996, 3.57224440574646, -1.4870977006874937, 1731679463474105964, 
-3.5349488258361816, 3.528318166732788, -1.4431801154183692, 1731679463584772396, 
-3.529306650161743, 3.488467216491699, -1.4080757910371395, 1731679463683700221, 
-3.5224997997283936, 3.4501874446868896, -1.3692206582934572, 1731679463781802619, 
-3.5144293308258057, 3.413416862487793, -1.3338332609125478, 1731679463873799077, 
-3.5035510063171387, 3.3708813190460205, -1.29528112341519, 1731679463984718439, 
-3.4921772480010986, 3.3322160243988037, -1.259266575787768, 1731679464083656946, 
-3.4798879623413086, 3.2956178188323975, -1.2220835383209412, 1731679464181684157, 
-3.471097230911255, 3.2719342708587646, -1.199104772353032, 1731679464245108254, 
-3.449406147003174, 3.2198946475982666, -1.1464007709680761, 1731679464384817549, 
-3.4325618743896484, 3.183612585067749, -1.110178637438222, 1731679464484746094, 
-3.4150733947753906, 3.149358034133911, -1.0743482916674072, 1731679464581822032, 
-3.3966708183288574, 3.1165835857391357, -1.0421927972337295, 1731679464675135885, 
-3.3738794326782227, 3.079242467880249, -1.003409716178796, 1731679464784712579, 
-3.3518364429473877, 3.045560836791992, -0.965523299773092, 1731679464884726269, 
-3.3291289806365967, 3.0137453079223633, -0.9306692501682425, 1731679464982751988, 
-3.306771993637085, 2.984351396560669, -0.8989867352014532, 1731679465075849823, 
-3.2791779041290283, 2.950462818145752, -0.8567270615669772, 1731679465184722453, 
-3.252354383468628, 2.920339584350586, -0.8219406037551769, 1731679465284676907, 
-3.2251646518707275, 2.892002582550049, -0.787728980612454, 1731679465382747906, 
-3.1987552642822266, 2.8659820556640625, -0.7530094349819363, 1731679465475207904, 
-3.166682720184326, 2.83678936958313, -0.7123062839905813, 1731679465584952259, 
-3.1359872817993164, 2.8107519149780273, -0.6770591157603439, 1731679465684818250, 
-3.105144500732422, 2.7866532802581787, -0.6409512250676794, 1731679465782833892, 
-3.0751945972442627, 2.764861822128296, -0.6074540810277684, 1731679465875523047, 
-3.052609443664551, 2.749483346939087, -0.5820877968275293, 1731679465942742509, 
-3.0041964054107666, 2.718877077102661, -0.5300806952934649, 1731679466085699712, 
-2.9701526165008545, 2.699436664581299, -0.49430325791922525, 1731679466182891112, 
-2.9375598430633545, 2.6822991371154785, -0.45702116053724734, 1731679466275310669, 
-2.8976612091064453, 2.663393974304199, -0.4182032644979949, 1731679466385722563, 
-2.8608081340789795, 2.647526741027832, -0.38304146076380685, 1731679466485708591, 
-2.824983835220337, 2.633439302444458, -0.3459333569782576, 1731679466583013877, 
-2.789777994155884, 2.6211652755737305, -0.3152518644194938, 1731679466676007129, 
-2.7479844093322754, 2.608149290084839, -0.27653817205817144, 1731679466785832295, 
-2.709728717803955, 2.5978615283966064, -0.23721455219092455, 1731679466886991549, 
-2.671924591064453, 2.58912992477417, -0.20447751753149843, 1731679466983739341, 
-2.6284425258636475, 2.5806686878204346, -0.1665828180357892, 1731679467093984736, 
-2.591993808746338, 2.5750129222869873, -0.13339082346120754, 1731679467185738175, 
-2.5722525119781494, 2.572561025619507, -0.11475625951012124, 1731679467236276391, 
-2.51330304145813, 2.56703519821167, -0.06265056989195252, 1731679467383798422, 
-2.4766669273376465, 2.5651774406433105, -0.02923644149763227, 1731679467476305828, 
-2.4568610191345215, 2.5645742416381836, -0.010613335694459436, 1731679467527085509, 
-2.392910957336426, 2.5655856132507324, 0.046653858902662625, 1731679467686083777, 
-2.3535146713256836, 2.567988157272339, 0.07874596989341698, 1731679467785106692, 
-2.3176910877227783, 2.571279287338257, 0.11281809424389838, 1731679467875293469, 
-2.273909330368042, 2.576979875564575, 0.15159142571119738, 1731679467985312892, 
-2.2348759174346924, 2.5836620330810547, 0.18526326842191804, 1731679468085062325, 
-2.1957876682281494, 2.59140944480896, 0.22271653886100956, 1731679468185244109, 
-2.160630226135254, 2.5997793674468994, 0.25673641168590094, 1731679468275311586, 
-2.117994546890259, 2.6117870807647705, 0.2931432848944924, 1731679468385143086, 
-2.079418420791626, 2.6240439414978027, 0.33064632103451785, 1731679468485372024, 
-2.0420286655426025, 2.637404203414917, 0.36814606862433163, 1731679468585802286, 
-2.0084123611450195, 2.6508374214172363, 0.400110315176745, 1731679468675504836, 
-1.9682543277740479, 2.668536901473999, 0.4387672764706063, 1731679468785164911, 
-1.950333833694458, 2.676903009414673, 0.4578637462882136, 1731679468836124060, 
-1.8970909118652344, 2.7047197818756104, 0.5105249246579865, 1731679468984753553, 
-1.865745186805725, 2.7228031158447266, 0.5431303434453082, 1731679469075933829, 
-1.8287354707717896, 2.746029853820801, 0.5819884685877462, 1731679469184794537, 
-1.7957278490066528, 2.7683560848236084, 0.6199845365410017, 1731679469284992307, 
-1.7636351585388184, 2.791973829269409, 0.6542617717839337, 1731679469384982107, 
-1.735520839691162, 2.814223051071167, 0.6851704415868665, 1731679469474925450, 
-1.701879858970642, 2.842519998550415, 0.7244498238141831, 1731679469584860039, 
-1.6870272159576416, 2.855762004852295, 0.7419845076245187, 1731679469634877509, 
-1.6437852382659912, 2.8970353603363037, 0.7926032423850725, 1731679469784893604, 
-1.6188446283340454, 2.923116445541382, 0.8255355528262551, 1731679469874686708, 
-1.5898569822311401, 2.955402374267578, 0.8656595473916258, 1731679469985303084, 
-1.5645148754119873, 2.98624324798584, 0.899374563754737, 1731679470084955096, 
-1.5399608612060547, 3.0178582668304443, 0.9344976548460959, 1731679470184996567, 
-1.5143682956695557, 3.0532565116882324, 0.9745167057350906, 1731679470295105186, 
-1.494601845741272, 3.0833303928375244, 1.0054717653027354, 1731679470384930434, 
-1.4737627506256104, 3.11722731590271, 1.0398057630583701, 1731679470484833275, 
-1.4544217586517334, 3.1512362957000732, 1.0766532366150472, 1731679470584971595, 
-1.4379057884216309, 3.1826815605163574, 1.1083981727009362, 1731679470674796963, 
-1.4189203977584839, 3.221998691558838, 1.1428221295880323, 1731679470785189893, 
-1.403205156326294, 3.257537841796875, 1.175308623799699, 1731679470885150838, 
-1.3883635997772217, 3.2941246032714844, 1.2089183763273907, 1731679470985255054, 
-1.3761329650878906, 3.327345371246338, 1.2369902170769365, 1731679471075424604, 
-1.3627386093139648, 3.368530511856079, 1.2742441410271277, 1731679471185202250, 
-1.3515905141830444, 3.4067280292510986, 1.3076561054772406, 1731679471285273321, 
-1.3416028022766113, 3.4455008506774902, 1.338763406802388, 1731679471384781594, 
-1.3335877656936646, 3.4810478687286377, 1.3653070479484466, 1731679471475199329, 
-1.3253360986709595, 3.5236103534698486, 1.4089919763618617, 1731679471584806672, 
-1.3193336725234985, 3.5629377365112305, 1.442220516308801, 1731679471684833545, 
-1.3146649599075317, 3.6027090549468994, 1.4792898454382648, 1731679471785961692, 
-1.3115986585617065, 3.6380879878997803, 1.511883847706186, 1731679471875894106, 
-1.3096003532409668, 3.6818292140960693, 1.550205588152415, 1731679471984919864, 
-1.3093949556350708, 3.7223618030548096, 1.5838567380616633, 1731679472084736714, 
-1.3104819059371948, 3.762040615081787, 1.618248030368607, 1731679472184808193, 
-1.313111424446106, 3.805691719055176, 1.658709853547937, 1731679472294939254, 
-1.3167521953582764, 3.8411612510681152, 1.6918863247984999, 1731679472384815358, 
-1.3220086097717285, 3.8807497024536133, 1.72733980956808, 1731679472484742014, 
-1.3288050889968872, 3.9201133251190186, 1.7652397814160585, 1731679472585804786, 
-1.3360439538955688, 3.955418348312378, 1.7979955764381736, 1731679472676534948, 
-1.346760869026184, 3.9981110095977783, 1.8361734428386778, 1731679472784816560, 
-1.3577775955200195, 4.036514759063721, 1.8737256017379262, 1731679472884817412, 
-1.3700798749923706, 4.073947429656982, 1.9107490221759351, 1731679472984744878, 
-1.3823329210281372, 4.107868194580078, 1.9432957336105332, 1731679473076270781, 
-1.3990082740783691, 4.148381233215332, 1.9836247056648533, 1731679473184826416, 
-1.415419101715088, 4.184807777404785, 2.019367729053154, 1731679473284881234, 
-1.43317449092865, 4.2204484939575195, 2.055297833868953, 1731679473384821027, 
-1.454100251197815, 4.259098052978516, 2.0934061641400734, 1731679473495325530, 
-1.4722557067871094, 4.289850234985352, 2.1261130775029944, 1731679473585258931, 
-1.4936715364456177, 4.3235392570495605, 2.1642059894182344, 1731679473684807367, 
-1.5163753032684326, 4.356230735778809, 2.1993560543101496, 1731679473784825621, 
-1.5379153490066528, 4.3851237297058105, 2.2305867441009837, 1731679473874956453, 
-1.562475323677063, 4.4163713455200195, 2.2687074400738156, 1731679473984836413, 
-1.58357834815979, 4.44102144241333, 2.3029657948367412, 1731679474085761476, 
-1.5965930223464966, 4.455391883850098, 2.3158587911077024, 1731679474134798685, 
-1.6359436511993408, 4.496383190155029, 2.357066587110106, 1731679474275579819, 
-1.6669102907180786, 4.526494026184082, 2.4000486637275324, 1731679474384828780, 
-1.6968340873718262, 4.55315637588501, 2.4339704586200304, 1731679474484767823, 
-1.7277870178222656, 4.57901668548584, 2.4689015275794586, 1731679474584776139, 
-1.7621557712554932, 4.605621814727783, 2.5103877546103757, 1731679474695216204, 
-1.7916901111602783, 4.6266021728515625, 2.541731614143477, 1731679474784844891, 
-1.8249790668487549, 4.648538589477539, 2.579049479493811, 1731679474884782660, 
-1.8410180807113647, 4.658702850341797, 2.5964954963728757, 1731679474934827619, 
-1.8554017543792725, 4.66748046875, 2.61528728165497, 1731679474985831773, 
-1.8650829792022705, 4.673277854919434, 2.6271890152939457, 1731679475024905257, 
-1.8757840394973755, 4.679325103759766, 2.639983255086674, 1731679475075427453, 
-1.8879822492599487, 4.685987949371338, 2.65427430283454, 1731679475145380951, 
