imu_ax, imu_ay, kf_ax, kf_ay, kf_vx, kf_w, kf_x, kf_y, stamp, 
-0.0044974684715271, -0.010813415050506592, -0.0030865323376302505, -0.0, -8.763578471408998e-05, 0.0, 1.7527156942818e-05, 0.0, 1731679432643119051, 
0.0026775002479553223, 0.007118403911590576, -0.0003751318064285458, 7.535828086997374e-11, -6.704088891544812e-05, -1.1240644640767742e-06, 1.1596502279890201e-05, 0.0, 1731679432692932573, 
-0.0009001493453979492, -0.010829031467437744, -0.0005822794536890218, -7.714306299999446e-11, -7.567772236393499e-05, 1.0193629061537111e-06, 1.426084631862503e-05, 6.474045663743226e-13, 1731679432737810645, 
0.013446986675262451, 0.00889885425567627, 0.004665517924679414, 1.0493869484183702e-10, 0.00027347613168062304, 3.8372158548881644e-07, -3.638801211343189e-05, 1.8906010174972665e-12, 1731679432783559097, 
-0.34588533639907837, 0.8190306425094604, -0.1227108173723014, -0.0001696662543562477, -0.006859549131721359, 0.02473431578347352, 0.0014089895246066823, -4.597702055532828e-11, 1731679432833558664, 
0.25379496812820435, 0.12633496522903442, 0.013691884064180801, 0.002203824052496562, 0.005796706407186308, 0.3801855567093119, 0.002328480664772083, 2.4759652029422092e-06, 1731679432933420905, 
-0.044463396072387695, -0.03289765119552612, -0.006764968790283588, 0.006996709801014944, 0.010846567218946314, 0.6450621343860198, 0.003995823314340086, 6.757887447268512e-05, 1731679433043091484, 
0.16258931159973145, 0.0014944076538085938, 0.05453594697452903, 0.020479618128636568, 0.026258822965170705, 0.7799137895784748, 0.0066374605315765774, 0.0004120465999388543, 1731679433139539605, 
-0.33517253398895264, 0.09823846817016602, -0.08265805981865827, 0.04132063533428634, 0.04828319406309127, 0.8557974702397069, 0.0145215577787704, 0.0016145060494700079, 1731679433233326558, 
-0.354709267616272, -0.11611950397491455, -0.18146816033122187, 0.00838072691321246, 0.009163449432135748, 0.9145821096389402, 0.01619165343042503, 0.002429865975573434, 1731679433333328440, 
-0.04865097999572754, 0.014860153198242188, -0.13213369628416244, 0.019187258403352996, 0.020255481808661664, 0.9472625032867954, 0.020116863821598746, 0.0039052005514281117, 1731679433443335391, 
-0.04771155118942261, 0.01825159788131714, -0.10009207200852198, 0.03418167629118417, 0.034190628058119316, 0.999738180681562, 0.02462225645404879, 0.006206662133408802, 1731679433539648683, 
-0.16483259201049805, 0.08505308628082275, -0.12020998202030792, 0.06590726846089598, 0.06056808023230485, 1.0881518484342416, 0.03152220000721522, 0.01053417107650252, 1731679433633332362, 
-0.40685683488845825, -0.15804678201675415, -0.22472707503224326, 0.014218427429506514, 0.011624045697325981, 1.223190943990985, 0.03330278061531132, 0.012678370297253206, 1731679433733358654, 
0.18001115322113037, 0.19958120584487915, -0.07451600988238674, 0.08208645248169824, 0.07382496249357519, 1.1119064569635513, 0.03984853462790658, 0.01926342089470679, 1731679433843379844, 
0.4049836993217468, 0.894366443157196, 0.11329963431064966, 0.32920718635670954, 0.2854647668452876, 1.1532322885056034, 0.05746246453903441, 0.041930193541346555, 1731679433938963996, 
0.11069107055664062, -0.310421884059906, 0.09744943002877435, 0.13354510814238196, 0.11265757276120403, 1.1854072910433855, 0.05934197257702295, 0.051502996421024905, 1731679434033340399, 
-0.04813706874847412, 0.1713830828666687, 0.047080631157319135, 0.16441171163820006, 0.13757335243442959, 1.195083995038663, 0.06412163705715218, 0.06390101905350584, 1731679434133337953, 
-0.24345004558563232, -0.2629183530807495, -0.0648974784265412, 0.03742098880066912, 0.03463833932651324, 1.080334378848987, 0.06479181544287532, 0.06820628463192212, 1731679434223507860, 
-0.049798548221588135, -0.18738436698913574, -0.06119552767632505, 0.009142767746365205, 0.00879605499504207, 1.0394168467021365, 0.06496768810398083, 0.06988965060227921, 1731679434339431654, 
0.06020092964172363, 0.4913121461868286, -0.005608771970610833, 0.1630528363850889, 0.15734795463769188, 1.0362564722276375, 0.06688921839379654, 0.08616335208572815, 1731679434433346780, 
-0.11349046230316162, 0.7751625776290894, -0.032009516815445796, 0.31814151764621873, 0.3040235099629278, 1.0464372235062098, 0.06603839435175082, 0.11771798219913628, 1731679434533361462, 
-0.378836989402771, 0.15628260374069214, -0.16032867302661236, 0.24297872430623063, 0.23410839484233747, 1.0378898393193758, 0.061176946679961194, 0.14166030915538397, 1731679434622796620, 
0.09475916624069214, -0.06965762376785278, -0.07526735324749609, 0.15354044908975864, 0.1511683200990967, 1.015691971632065, 0.05590976308425563, 0.1561272283747611, 1731679434738792850, 
0.3682628273963928, -0.19100260734558105, 0.07767562368899275, 0.08961885998342675, 0.08996826254296043, 0.996116379824865, 0.05201173235258191, 0.1630004356871536, 1731679434833452028, 
-0.10567367076873779, 0.17292416095733643, 0.016173557019503078, 0.1424041581517528, 0.1416481805914024, 1.005337008616659, 0.04584972491415236, 0.17603641852905041, 1731679434934374476, 
-0.22029370069503784, 0.23693007230758667, -0.06466474146104345, 0.18391410211747627, 0.18101810821675815, 1.0159983657394671, 0.03576886205180754, 0.19231703266065028, 1731679435042937740, 
0.03393721580505371, 0.24776744842529297, -0.027071786875560618, 0.21436881435726407, 0.2073884795512939, 1.033658257300853, 0.022354884506702203, 0.20892639152571493, 1731679435138782344, 
-0.11596238613128662, 0.513180673122406, -0.05232337539361701, 0.2927339571981545, 0.2837964344785918, 1.0314927237756994, 0.0018082873954288958, 0.23059830762555109, 1731679435233361358, 
-0.15918093919754028, 0.24540305137634277, -0.09171312395564563, 0.2647275647444737, 0.2600314531954528, 1.0180597827351718, -0.019169777652041003, 0.24721020709826025, 1731679435334351072, 
0.33309364318847656, 0.45845556259155273, 0.06353247798711545, 0.31720763755617337, 0.30859154245666376, 1.0279207104346342, -0.044922638572138664, 0.26409001212611516, 1731679435442778119, 
0.11141890287399292, 0.6624191999435425, 0.08610778012261994, 0.39930417579517424, 0.38514284132374965, 1.0367690450191196, -0.07879454435217276, 0.2821652081385018, 1731679435540591064, 
-0.32692527770996094, 0.41041988134384155, -0.06285328104286023, 0.3749727830567763, 0.3622946749197479, 1.0349939124549283, -0.11289248317028694, 0.2952851636202675, 1731679435633354974, 
0.16661572456359863, 0.20143210887908936, 0.01491824387824249, 0.31514333043474885, 0.31173417256602465, 1.0109361057232253, -0.14282152892328812, 0.3025326568635657, 1731679435734354184, 
-0.3857247233390808, 0.3321520686149597, -0.12741438379570652, 0.31316593653609603, 0.309893050552889, 1.0105613403636118, -0.17459576507486543, 0.3081149601999595, 1731679435823492288, 
0.5326641798019409, 0.6575639247894287, 0.11465187719892939, 0.4145119874995832, 0.39665817987992336, 1.0450105620538686, -0.21366337506944746, 0.31094011807341276, 1731679435939828762, 
0.46889591217041016, 0.5513160228729248, 0.2417546553559358, 0.4433545652720387, 0.42724854376638843, 1.0376970775925143, -0.25426107973786555, 0.30902483158643745, 1731679436033359602, 
-0.14506232738494873, 0.6114341020584106, 0.10449844879678405, 0.4634196934262862, 0.4507450919839068, 1.0281192223005546, -0.29810381992200713, 0.30297990004076397, 1731679436134357925, 
-0.23692893981933594, 0.5763539671897888, -0.01707701715757083, 0.45718459864820427, 0.45618167742853943, 1.0021985127182622, -0.3431203795378745, 0.29202739549687146, 1731679436242703075, 
0.21923333406448364, 0.08486783504486084, 0.05863384591915323, 0.3352157850523899, 0.35566271195645816, 0.9425103441640196, -0.3756230258970634, 0.27910953036121605, 1731679436340471911, 
0.05292093753814697, 0.6052913069725037, 0.06087122196856801, 0.395405886789155, 0.4149753450999395, 0.9528418771335161, -0.4133853122101648, 0.26201465716341893, 1731679436433365604, 
-0.07397109270095825, 0.19573813676834106, 0.007800257385885273, 0.3253928678407367, 0.3561418137642884, 0.9136609498375194, -0.4436779358659795, 0.24372050513109797, 1731679436534368383, 
-0.24325084686279297, -0.10352623462677002, -0.08914084387428364, 0.2227999618662342, 0.25843000472080757, 0.8621288464817931, -0.4646590480861518, 0.22802256880280108, 1731679436643191069, 
-0.03616011142730713, -0.03051680326461792, -0.0724441582356693, 0.18819666704886778, 0.22368251278657217, 0.841356191435656, -0.4820133165246294, 0.2129052539189806, 1731679436739733252, 
-0.14043360948562622, 0.4540139436721802, -0.0892196637370806, 0.2594225512155204, 0.3117230009990578, 0.8322213965093467, -0.5071954212860236, 0.18949579663032995, 1731679436833367140, 
-0.11301851272583008, 0.09113132953643799, -0.09943265378027219, 0.23136053854969776, 0.27998152886186295, 0.8263421501060745, -0.5253741958313604, 0.16746108432960344, 1731679436930353866, 
-0.24586474895477295, 0.7261889576911926, -0.1415988577061428, 0.3371003374766606, 0.39658265272214066, 0.8500128161501926, -0.552059217939721, 0.13249393926656816, 1731679437042976150, 
0.09958666563034058, 0.19599926471710205, -0.058096203721815065, 0.2877036576853932, 0.35742139506918463, 0.8049424619074735, -0.5703507111325714, 0.10133843545069532, 1731679437140601632, 
-0.28391265869140625, -0.1059982180595398, -0.14434257756199187, 0.20484800522938826, 0.2735273821523465, 0.7489122427797524, -0.5824366273150331, 0.07645133127477229, 1731679437233375152, 
0.13965976238250732, 0.4144645929336548, -0.037768669851278414, 0.2567079175194966, 0.3349919707561877, 0.7663106579540457, -0.5960765415143312, 0.04366937509358802, 1731679437330359336, 
0.46001148223876953, -0.34043610095977783, 0.13112807183693356, 0.16366627446641266, 0.23254372047447808, 0.7038086177191579, -0.6008546155336054, 0.024825494035259986, 1731679437442851020, 
-0.23609793186187744, 0.16384583711624146, 0.002410846414975243, 0.18690795782248665, 0.2660851931232622, 0.7024365227865302, -0.607975934756572, -0.0017756466561772103, 1731679437541445436, 
0.17698651552200317, 0.9296658635139465, 0.0774764862892339, 0.32959351569186984, 0.4397365437987435, 0.7495249606608011, -0.6175219662685983, -0.049069404574776425, 1731679437634416226, 
-0.20356625318527222, 0.5372172594070435, -0.02138933601709639, 0.34753609792407386, 0.4582328536074919, 0.7584268460632082, -0.622077284808748, -0.09546258344975868, 1731679437731377818, 
-0.20400255918502808, 0.030243098735809326, -0.0928569990236919, 0.26318638837092045, 0.3685300731079004, 0.7141517275684125, -0.622134523251393, -0.1307426560179599, 1731679437843122503, 
-0.31560367345809937, 0.2231648564338684, -0.17262871386367576, 0.24085370143838505, 0.3504176218639079, 0.6873333029236917, -0.6205998100563749, -0.16760809679385183, 1731679437941647455, 
-0.3789942264556885, 0.5309569239616394, -0.24118369281657648, 0.27872089760043706, 0.3944274185235062, 0.7066468620355977, -0.616104128452099, -0.21138772147452262, 1731679438033381744, 
0.5074193477630615, -0.0953834056854248, 0.020475862257517574, 0.20982324292975402, 0.3203036613676468, 0.6550760051690993, -0.6094916258307411, -0.24025284746303363, 1731679438131381378, 
-0.4380173087120056, 0.8689126968383789, -0.1330539104042643, 0.31547635861046525, 0.44223776124212866, 0.7133636841059791, -0.5983316908358578, -0.2889512983244039, 1731679438223083948, 
-0.08154284954071045, 0.576930582523346, -0.11194613555323737, 0.33892075944776007, 0.4666384835980346, 0.7263026333244058, -0.5828131668420512, -0.33548165544278113, 1731679438340713030, 
0.18943428993225098, -0.4163035750389099, -0.016741639492360058, 0.181375697051498, 0.30354214542279023, 0.5975305234759671, -0.5717671884446506, -0.3581527028877679, 1731679438433384970, 
-0.19758176803588867, 0.37165266275405884, -0.07727790718994569, 0.21233351907366552, 0.35003143540668064, 0.606612714160852, -0.5558578101611064, -0.3923007917553889, 1731679438531370782, 
-0.041688740253448486, 0.03349804878234863, -0.06622460888733116, 0.19119212042128755, 0.32152638532315114, 0.5946389756757576, -0.5398505869263357, -0.42006410064726446, 1731679438643494181, 
-0.4298716187477112, 0.23698663711547852, -0.19395554847299407, 0.1995987903257082, 0.3320407717602259, 0.6011273533294971, -0.5205803081878114, -0.45079228818498773, 1731679438741004820, 
-0.37246036529541016, 0.6717762351036072, -0.24990474720796757, 0.26191340942053987, 0.4122218967793068, 0.6353699584298446, -0.49312319106181546, -0.4901570849369367, 1731679438833391202, 
-0.0166512131690979, 0.5734317302703857, -0.16261000675963172, 0.2939061941057953, 0.4486724902598974, 0.655057309030798, -0.46212098217873687, -0.5277456908900201, 1731679438931507864, 
-0.08589392900466919, 0.0007382035255432129, -0.14024276970749938, 0.21984438792803535, 0.3684981619699493, 0.5965956159802053, -0.43690065185091964, -0.5529771304295428, 1731679439044413852, 
0.2790703773498535, 0.35334134101867676, 0.011604909538924874, 0.23632470809640554, 0.3965486124874896, 0.5959539402091872, -0.4071508285272957, -0.5807593827551983, 1731679439140804120, 
-0.4901498556137085, 0.11016708612442017, -0.169073966464853, 0.20614324751115456, 0.3624416934889795, 0.5687625105344637, -0.3784068804079431, -0.6046327664476792, 1731679439233396671, 
0.023459911346435547, -0.06523042917251587, -0.10275835895662941, 0.16887670065457608, 0.3200125321874859, 0.5277190224401469, -0.35242999093597654, -0.6232280126709359, 1731679439331420160, 
-0.06779485940933228, 0.3033078908920288, -0.08713579745796217, 0.19490524038715373, 0.3529485758453402, 0.5522199371971966, -0.32107373839167475, -0.6444397476260314, 1731679439443393770, 
0.21542316675186157, 0.5925703644752502, 0.02628403328007188, 0.24975042996372385, 0.42685045861522897, 0.5851005309305608, -0.2820479134257035, -0.667912062053728, 1731679439540690754, 
0.2218189835548401, -0.038265347480773926, 0.09148931655856841, 0.1969438783979935, 0.37396220095547156, 0.526641136175803, -0.2513562411979856, -0.6825014780998346, 1731679439633430615, 
-0.5149646401405334, 0.01744973659515381, -0.12657506299780996, 0.17395705403337244, 0.3440207324797597, 0.5056586351045198, -0.21937058272081744, -0.6968486150482205, 1731679439732392343, 
0.15812933444976807, -0.5580980181694031, -0.03199533751868998, 0.10587011697846997, 0.24523489629411466, 0.4317090209359847, -0.19945106787586592, -0.7032753030404254, 1731679439843798824, 
-0.16380006074905396, 0.16085773706436157, -0.0756271878221084, 0.12790267988303014, 0.28490756019269503, 0.4489269424669677, -0.16984511194603125, -0.7139511501949575, 1731679439924621075, 
-0.12083500623703003, 0.38489097356796265, -0.0866425336490595, 0.16712109810046524, 0.34654595391097187, 0.4822480141938084, -0.13268056611572393, -0.7255500135301606, 1731679440034406589, 
-0.27674800157546997, 0.3348901867866516, -0.15140275088543637, 0.19014214373600505, 0.37497414999246065, 0.5070806714004902, -0.09275787658211664, -0.7356433315683674, 1731679440132390111, 
0.3256787061691284, -0.1768779158592224, 0.015318027193294226, 0.15254624270832737, 0.3250031897080309, 0.4693684478769838, -0.06328029864375725, -0.740265935643199, 1731679440223297627, 
-0.4677286744117737, 0.5686300992965698, -0.15139450536666818, 0.1978373724585605, 0.39092471866359113, 0.5060753720943616, -0.019112933005130766, -0.7474851917477812, 1731679440324493548, 
0.11533087491989136, 0.6129593253135681, -0.05111932632360207, 0.24572459357146567, 0.4534779281288352, 0.5418667113201906, 0.029806755579658322, -0.7522957497918848, 1731679440433409951, 
0.5124868750572205, 0.11401832103729248, 0.14727385221823597, 0.2204111572297717, 0.42698240529597775, 0.5162066504285722, 0.06899339118218115, -0.7526992429437536, 1731679440531461405, 
-0.4787396788597107, 0.4274972677230835, -0.07487762003820908, 0.2279092193406685, 0.4413667548978836, 0.5163715137389505, 0.11519877440747331, -0.752318289736789, 1731679440645244071, 
0.03445923328399658, 0.2755207419395447, -0.036290327147848314, 0.21437397256964155, 0.4317846508453602, 0.4964835413902141, 0.1586029347996048, -0.7490998856963453, 1731679440724933197, 
-0.005866289138793945, -0.6029890179634094, -0.034967069766212645, 0.1142883156945435, 0.301067693298783, 0.37961002870249005, 0.18386239980026087, -0.7448708345450743, 1731679440834451542, 
0.20729118585586548, -0.03668320178985596, 0.05229572997692077, 0.12155112070570857, 0.3155234325350268, 0.3852364299194006, 0.2148754007057121, -0.7400367284785035, 1731679440932417448, 
-0.06849449872970581, -0.2261623740196228, 0.00806709147696033, 0.11115322942808957, 0.30211764481070164, 0.3679137294272734, 0.2439505877297624, -0.7343600958485474, 1731679441024532475, 
0.2910093665122986, -0.05006909370422363, 0.10975434794795004, 0.11836337680289674, 0.32108811829378325, 0.3686320672090358, 0.2745554394199341, -0.7272097134027753, 1731679441141973259, 
0.06861072778701782, 0.08623713254928589, 0.09609453669666664, 0.1328435474152641, 0.3449592867450356, 0.38509920596354513, 0.30756695913071674, -0.7183568615525707, 1731679441235504846, 
-0.4852628707885742, -0.5453500151634216, -0.1157397420460881, 0.08910280676260597, 0.2775517419705223, 0.3210313368239254, 0.33277394546199496, -0.7104218472987651, 1731679441332420309, 
0.09003961086273193, 0.21250110864639282, -0.03835853217002297, 0.11740383718373443, 0.3269423005402242, 0.3590965041530013, 0.36674721213281847, -0.6989403360203953, 1731679441424621810, 
0.22249305248260498, 0.28180235624313354, 0.05754516566213494, 0.14288144179459833, 0.3700392059254038, 0.38612514432700895, 0.40259493101395843, -0.6851500610287303, 1731679441542077777, 
0.11497324705123901, 0.03786808252334595, 0.07743510570133008, 0.14302496228456374, 0.3687628821407717, 0.38785075508213795, 0.4350823541726953, -0.6708738777342406, 1731679441634429487, 
-0.25146621465682983, 0.07219654321670532, -0.03977856147145818, 0.13779225138527146, 0.369848354936412, 0.37256418622968346, 0.46943871106061474, -0.6546297637166341, 1731679441733452457, 
-0.42469000816345215, -0.30784374475479126, -0.18011642616544316, 0.10053224436587603, 0.3140385479702358, 0.32012708317389227, 0.49746758245590705, -0.6400044115154951, 1731679441823603673, 
-0.1428723931312561, -0.2797046899795532, -0.1672533609556119, 0.09118343297497543, 0.2911869235598423, 0.3131439827731006, 0.5239927013354603, -0.6249856841759664, 1731679441942717774, 
0.3391243815422058, 0.23560744524002075, 0.016939881516858157, 0.11568082198545775, 0.33783978253813507, 0.34241326203908445, 0.5547633788380205, -0.6063207611791048, 1731679442034595571, 
0.10948729515075684, 0.11385959386825562, 0.051168459554950564, 0.1263568670280154, 0.3591412996390238, 0.35183051115262387, 0.5851490210736732, -0.5864222776017309, 1731679442133354684, 
-0.5269027948379517, 0.2882245182991028, -0.153038181628634, 0.14498873110617033, 0.37695099959047373, 0.38463548647884915, 0.6189379668416661, -0.5628354198338955, 1731679442243086658, 
0.43224191665649414, 0.8608126640319824, 0.06251609786856596, 0.21979846971184958, 0.4719042084719378, 0.46576925097484073, 0.6594812430213086, -0.531497130323998, 1731679442343279181, 
-0.25630098581314087, 0.075833261013031, -0.05434814828174886, 0.17369448122133632, 0.42660802228185235, 0.40715240255510116, 0.6911424043242496, -0.5047724952239463, 1731679442434346126, 
0.151816725730896, 0.47485560178756714, 0.02127920182811356, 0.19629594617048882, 0.4553287809945547, 0.43110814506767653, 0.725334095855585, -0.4731206802281078, 1731679442533351316, 
0.06769728660583496, -0.13197624683380127, 0.03342185858890877, 0.14529776221631374, 0.3984212920796239, 0.3646837282664005, 0.7511941993407185, -0.44712950763392745, 1731679442643222713, 
0.7400029301643372, -0.8303114175796509, 0.27706056003146023, 0.07301108423987565, 0.30585151371984964, 0.23871415037936186, 0.766015156909052, -0.4309350733745442, 1731679442743619228, 
-0.33939486742019653, -0.4461688995361328, 0.05573587815624015, 0.06619044538123912, 0.2976722369727585, 0.22236015711232265, 0.78546895506617, -0.4097207257505305, 1731679442833791932, 
0.15251773595809937, -0.3751092553138733, 0.09006255131104725, 0.06783377945028425, 0.30293975924582506, 0.22391837776314963, 0.8043492303186058, -0.3875693173426105, 1731679442933623877, 
-0.419333815574646, -0.4203338623046875, -0.09209417678865613, 0.06418670593618335, 0.2921736368835571, 0.2196868499869628, 0.8236758744180857, -0.3643465074094941, 1731679443042871097, 
0.22776347398757935, 0.04000437259674072, 0.024688072024658864, 0.08315831414780649, 0.32954942655431074, 0.25233942907226314, 0.844960664247171, -0.336890278433549, 1731679443142787058, 
-0.3909537196159363, -0.047978341579437256, -0.12285552125438517, 0.09033622825555479, 0.33123160347812036, 0.27272828832446233, 0.866014699691626, -0.3085440647808089, 1731679443234596519, 
0.2322617769241333, -0.16844695806503296, 0.004058269566931033, 0.09064219269272575, 0.33167867884499136, 0.2732831456286854, 0.8847908965569382, -0.28139682780936104, 1731679443333357167, 
0.30469655990600586, 0.38130295276641846, 0.11468893093652392, 0.12506759258149927, 0.38803976339572, 0.3223061252461292, 0.9067591907042165, -0.24749110079894787, 1731679443443321776, 
0.19592779874801636, 0.1250213384628296, 0.14387630815537794, 0.1376927469004879, 0.40429633570109325, 0.34057381861182073, 0.9268182111975981, -0.2140555076211558, 1731679443523013226, 
-0.09554219245910645, 0.12499046325683594, 0.057755610763767895, 0.14019685087849285, 0.4019359175529273, 0.3488039877899979, 0.9458632078251893, -0.17989896494213856, 1731679443634433681, 
0.03399628400802612, 0.22843235731124878, 0.049767305436342876, 0.14760040857433723, 0.41389028998614286, 0.3566172296027504, 0.9647664546302939, -0.1431482238765764, 1731679443683550296, 
-0.3958338499069214, -0.325968861579895, -0.1135032316245652, 0.10315160502297764, 0.34694647508457643, 0.2973127338960051, 0.9790386231758086, -0.11375527662087073, 1731679443733464888, 
-0.04665654897689819, 0.07735168933868408, -0.08820780364098162, 0.10903031013204256, 0.357881026980571, 0.3046551840200283, 0.9943206123438549, -0.07907553082436761, 1731679443783671443, 
-0.09520161151885986, -0.03955453634262085, -0.09028918762271078, 0.10705519326806391, 0.35488031985718604, 0.30166562437484834, 1.0081518556247997, -0.044961171210561264, 1731679443842782896, 
-0.20948338508605957, -0.7582165002822876, -0.13801439506454044, 0.05979721842845946, 0.2699910019416959, 0.22147856039058875, 1.0168463514969508, -0.022445911676312203, 1731679443874067342, 
-0.21195942163467407, 0.491122841835022, -0.15857019178120169, 0.10352041579381295, 0.33579937493942186, 0.30828054939794935, 1.029770194069218, 0.015606841955834689, 1731679443922884791, 
-0.0037134289741516113, 0.03141230344772339, -0.11126783823268951, 0.04286116999668914, 0.21169282033742004, 0.20246869935585032, 1.0342977071796127, 0.02985704308325111, 1731679445842900478, 
-0.03511446714401245, -0.022660493850708008, -0.08922395019192823, 0.01700589497204507, 0.13024875496997723, 0.1305647411060857, 1.037044809989235, 0.038684713665034724, 1731679445943702956, 
0.09325212240219116, -0.018918216228485107, -0.027234971553162665, 0.006910567938128363, 0.08205152701453122, 0.08422229530115277, 1.038581858496421, 0.04390710829433029, 1731679446034099495, 
0.858927309513092, -0.05658847093582153, 0.2885936089781154, 0.007984911779663921, 0.09856585416650496, 0.08101093271281552, 1.0398656157434376, 0.049562265194265515, 1731679446132792552, 
-0.3083397150039673, 0.12104159593582153, 0.07710434699421784, 0.014600922881021177, 0.13261892891744742, 0.11009682403716255, 1.04371894078987, 0.06360028173949712, 1731679446243510460, 
0.9415839910507202, -0.15044236183166504, 0.3873202209070027, 0.029376159184751664, 0.1896532953092031, 0.1548940087587614, 1.047360842870934, 0.07927256046294502, 1731679446344086716, 
0.5011829137802124, 0.7007424235343933, 0.43275398798113857, 0.07882777763296694, 0.30133117700370926, 0.2615984791776014, 1.0541026723186944, 0.109449534785299, 1731679446435357626, 
0.6140853762626648, -0.11606889963150024, 0.4974861785708813, 0.09545252282690332, 0.3499942541074896, 0.27272597108862284, 1.059807540064702, 0.1387921299695477, 1731679446533492523, 
-0.0236244797706604, -0.35935384035110474, 0.30898051306921226, 0.07806989036333975, 0.3485879706154928, 0.2239603685276166, 1.0651022399362007, 0.16783265926824908, 1731679446643935968, 
-0.3200263977050781, -0.3273080587387085, 0.08259209647146229, 0.07282795896130878, 0.3340477785508787, 0.21801659414482943, 1.06982980637773, 0.19870737864227048, 1731679446745529872, 
-0.06012040376663208, -0.5710687637329102, 0.0294840927982062, 0.058743916682308564, 0.3071542110868001, 0.19125219372528107, 1.0735586343768502, 0.22677122642606437, 1731679446835577316, 
0.43964308500289917, -0.21148985624313354, 0.17673925038572347, 0.0742072538992005, 0.3340065125796166, 0.2221730747885098, 1.0767393137276517, 0.2587521596304238, 1731679446933676979, 
-0.3100488781929016, -0.08474582433700562, 0.0033907243465932935, 0.085896029854079, 0.34281521175118357, 0.25056073041596133, 1.0796700321465769, 0.2937569419332157, 1731679447024303717, 
0.02000129222869873, 0.1435028314590454, 0.0110067751009526, 0.10720075908287106, 0.3674808555460872, 0.2917179424859225, 1.0816939526456542, 0.3321116107841773, 1731679447144395850, 
-0.5364060997962952, 0.44939112663269043, -0.18099704491925295, 0.14407517751842136, 0.4004794320003675, 0.3597567465544376, 1.0828413125145664, 0.37800176156978177, 1731679447232800207, 
0.21701979637145996, 0.32650822401046753, -0.03695297555306254, 0.16449710128099942, 0.42203375248652586, 0.3897723826869778, 1.0820587043486558, 0.42223609834995507, 1731679447333849943, 
0.1558789610862732, 0.44681453704833984, 0.03404355538795682, 0.18951834033998613, 0.4544972968752893, 0.4169845269552584, 1.0794752670425871, 0.46922221169097367, 1731679447443173032, 
0.025747835636138916, 0.12777668237686157, 0.029218230059046363, 0.17445355326032003, 0.4313478084412177, 0.4044382510966063, 1.0753400844113432, 0.5101236897057473, 1731679447543848927, 
-0.6440615057945251, -0.1946050524711609, -0.2148372497030225, 0.1265897251360456, 0.36317652666322614, 0.34856251944232164, 1.0708387174086598, 0.5456159758590321, 1731679447633969370, 
-0.3852229714393616, -0.02180469036102295, -0.2753186621491662, 0.11604909753279144, 0.34177160145912494, 0.3395516100148263, 1.064800900184708, 0.5825200216492655, 1731679447733980277, 
-0.045892536640167236, 0.6478378772735596, -0.1870433350484534, 0.16861331180246514, 0.4096277906137865, 0.4116256652162561, 1.0552984513397716, 0.6296352731710003, 1731679447823843096, 
0.07825767993927002, 0.2465410828590393, -0.09154183621598466, 0.16728454439340934, 0.4103388862330237, 0.40767412011351906, 1.0449542476542277, 0.6708396712525979, 1731679447943957313, 
-0.05552327632904053, 0.6776213049888611, -0.07399351811930485, 0.21503199241552828, 0.46744986146682965, 0.4600108164344531, 1.0306379351866395, 0.7202932469854474, 1731679448033506563, 
-0.12906038761138916, 0.2747800946235657, -0.09422418940037028, 0.20277933621493086, 0.4505771820291338, 0.4500435093089542, 1.0156566798361348, 0.7633128074298953, 1731679448134497550, 
-0.01262897253036499, -0.08378571271896362, -0.06889918157717916, 0.1554418311476668, 0.3916960217459225, 0.39684301733474253, 1.0017955970409507, 0.7973406560218719, 1731679448224174024, 
0.12386375665664673, 0.11546820402145386, -0.00013059668707296468, 0.1484004072269473, 0.3905940979198655, 0.37993509891025856, 0.9860252343320285, 0.8329708137863926, 1731679448344406009, 
0.08662915229797363, 0.30715423822402954, 0.03271012538853013, 0.16466718128676594, 0.4191671082956547, 0.392843756172347, 0.9672856364317305, 0.8717110812721385, 1731679448432665057, 
0.1689509153366089, 0.1829349398612976, 0.08091883573578745, 0.16748277440144083, 0.42029837430781763, 0.3984854204522333, 0.9478072276777162, 0.9075291774604288, 1731679448533654597, 
-0.25891709327697754, -0.0820053219795227, -0.042981831192888315, 0.1425160259171902, 0.3823035523326702, 0.3727823742353736, 0.92905044839893, 0.9391115809829388, 1731679448644161048, 
-0.019405066967010498, 0.15439337491989136, -0.033832664599730215, 0.14203241532348881, 0.38938239613261727, 0.3647633193851807, 0.9076234946638536, 0.9727816961148827, 1731679448743789725, 
-0.16230762004852295, 0.32954680919647217, -0.07795299574692645, 0.16034145483947604, 0.4059625865941211, 0.3949660883400185, 0.8833656795582151, 1.0081067782323718, 1731679448834505763, 
0.27968430519104004, -0.13724523782730103, 0.04707084805139651, 0.133488860687113, 0.37235781346749997, 0.35849619870744065, 0.8623026525738392, 1.0352679989250828, 1731679448933514052, 
-0.0319514274597168, -0.4353601932525635, 0.01488679195979098, 0.09262218671190849, 0.3202975488876682, 0.2891754464983186, 0.8440024907412823, 1.0573873799954125, 1731679449044394065, 
-0.2778410315513611, 0.1992364525794983, -0.08704594168978337, 0.11507450832985305, 0.3483038204978858, 0.3303854323657973, 0.819622645406621, 1.086491701304206, 1731679449144595259, 
-0.6168692708015442, -0.454853892326355, -0.278842182876357, 0.08121858491935245, 0.2868413480774208, 0.2831481077038827, 0.799687657967853, 1.1082661123837076, 1731679449234511042, 
-0.33664655685424805, 0.16313421726226807, -0.2954851050488276, 0.09817019671747552, 0.31364494467145276, 0.3129978607508248, 0.7736976270007981, 1.1358639906180041, 1731679449334497994, 
0.3138110041618347, 0.8791045546531677, -0.07012755568998183, 0.16952857764436188, 0.4129588728609394, 0.4105216978869692, 0.7391721097088227, 1.1702061991823174, 1731679449425940425, 
0.38428694009780884, 0.43949753046035767, 0.09404870338709378, 0.19207914976280774, 0.4473239184015564, 0.4293961084155151, 0.7052806503842028, 1.2002815822589223, 1731679449544282359, 
-0.00717616081237793, 0.19760149717330933, 0.056823504111534404, 0.17726445275888034, 0.43879539289812086, 0.40397974916759766, 0.6722259049764677, 1.2269059384974603, 1731679449634515430, 
0.3204318881034851, -0.41105955839157104, 0.1448920482763471, 0.11264444560843595, 0.3697038451271097, 0.3046883257860278, 0.6472688153568109, 1.2443315081518245, 1731679449734504810, 
-0.143038809299469, -0.9505232572555542, 0.035104666631348785, 0.05620280196836976, 0.27967708812827213, 0.2009560466483143, 0.6286220276004374, 1.2566728247098735, 1731679449824516689, 
-0.0241432785987854, 0.19463074207305908, 0.01743418394160304, 0.08860438685448918, 0.32895874540720677, 0.26934802035680444, 0.5996451743162753, 1.2770263302653637, 1731679449943728569, 
-0.16087394952774048, -0.6227485537528992, -0.04892080244477941, 0.0654250002733512, 0.28747351079018296, 0.22758618730997673, 0.576779257470603, 1.2914553453030193, 1731679450034522242, 
-0.09991836547851562, -0.39800822734832764, -0.06677230754673656, 0.06315882345245113, 0.28628472808765426, 0.22061541275479163, 0.5514996548571893, 1.307043228743187, 1731679450134530458, 
-0.14769047498703003, 0.4322148561477661, -0.0909342338437478, 0.1075987505453625, 0.34373598858995047, 0.3130273061797995, 0.5175713848475055, 1.3274981868740308, 1731679450225053696, 
-0.11305302381515503, 0.421153724193573, -0.09485463046801092, 0.14150072805129824, 0.3907065537191916, 0.3621662516390692, 0.47916591806441766, 1.3486670155815528, 1731679450343827702, 
-0.01064378023147583, 0.3333621621131897, -0.06269913695688806, 0.1573069160492931, 0.41362381898802836, 0.3803139684609074, 0.43977906999099176, 1.3681331459998949, 1731679450434525848, 
0.17761433124542236, 0.5720743536949158, 0.026360997580026718, 0.19828426395665044, 0.46038329618399026, 0.4306938709553158, 0.39554219688459186, 1.388018130656383, 1731679450534534095, 
-0.29543745517730713, 0.28321683406829834, -0.08890917365264789, 0.19239818501182898, 0.44778803859836014, 0.4296635202987166, 0.35306737898831814, 1.404493540972037, 1731679450643843663, 
-0.0026744604110717773, 0.16262555122375488, -0.058973249231547425, 0.17361307616422963, 0.4302517278407577, 0.4035151166864955, 0.31224061475853404, 1.4180496048291118, 1731679450743682242, 
0.4751501679420471, -0.02053457498550415, 0.12956680799748946, 0.15189018617262276, 0.41130498050650205, 0.3692884680987266, 0.27568513616930573, 1.4281836763689868, 1731679450834532535, 
-0.34460151195526123, 0.6679696440696716, -0.03573946418940335, 0.20019226393248138, 0.4640351785201903, 0.4314161365327844, 0.2276458095012666, 1.4413412959984606, 1731679450934536079, 
0.10334396362304688, 0.12023627758026123, 0.011940315141772323, 0.1754233340921244, 0.4376745035599785, 0.40080775248559697, 0.1862463355037883, 1.4495664884710011, 1731679451044492588, 
-0.6086031198501587, -0.15110433101654053, -0.21308623540096922, 0.12988193475068205, 0.3723980872914405, 0.3487717557717632, 0.14926413213515577, 1.4555902838863388, 1731679451144580632, 
-0.3316507935523987, 0.7861642241477966, -0.24870328893438565, 0.19110366794495665, 0.43962950782930327, 0.43469254120029915, 0.0987329968407466, 1.463335064231092, 1731679451234536137, 
0.05837160348892212, 0.19783848524093628, -0.13921410302378434, 0.17625117376230004, 0.4227057368271621, 0.4169595025732202, 0.05528005758835602, 1.4669488570016467, 1731679451334539994, 
0.07960140705108643, 0.03202986717224121, -0.06273779678870882, 0.15381975190764738, 0.39298849659407203, 0.3914103166905971, 0.016569636041035563, 1.4684069125130965, 1731679451425583522, 
-0.0809100866317749, 0.2061510682106018, -0.06847652990078769, 0.1539134261951978, 0.3969021890516192, 0.38778679090424606, -0.024525485542093564, 1.4688629306137784, 1731679451544560870, 
-0.5641288757324219, 0.08052957057952881, -0.24530690074967465, 0.1450443250626931, 0.37679818961433964, 0.3849390179160596, -0.06511572320020596, 1.4679052809413704, 1731679451634542912, 
-0.37284010648727417, 0.522988498210907, -0.28614103817699665, 0.17305288455231557, 0.4139988826377895, 0.4180032647665881, -0.11298984769958004, 1.4652826455911423, 1731679451734544285, 
0.007056176662445068, 0.44330209493637085, -0.178807822850926, 0.19065850016762284, 0.431348200751726, 0.44200601703068526, -0.15942510706646723, 1.4602724402374625, 1731679451825644770, 
0.02187114953994751, -0.2983565926551819, -0.11205671762655406, 0.13155220291868944, 0.35235764582697093, 0.3733485124466111, -0.1919977757323447, 1.4544802188153076, 1731679451944177961, 
0.016224205493927002, 0.46739572286605835, -0.061817092956603384, 0.16591371423555443, 0.40672682735578175, 0.40792419647898576, -0.2357303590029758, 1.4464999422543965, 1731679452034546361, 
-0.3530055284500122, 0.023817598819732666, -0.1667617508868, 0.14245272424972139, 0.378686065627939, 0.3761763032223159, -0.2741053090069624, 1.4375477556486806, 1731679452134545870, 
-0.6746368408203125, -0.10315394401550293, -0.3488307641341999, 0.11970001929778179, 0.33652951475894094, 0.3556895132467771, -0.3100022957657046, 1.4279320360717205, 1731679452243900150, 
-0.4901966452598572, 0.12359648942947388, -0.3967153821792448, 0.12014753772695712, 0.3339208518243995, 0.359808430861753, -0.34798923082486083, 1.4165049185989524, 1731679452344564888, 
-0.06242966651916504, 0.9069072008132935, -0.26822679702594554, 0.19229405077423248, 0.4321859659639085, 0.44493358396161065, -0.39774045840375377, 1.3997103775348616, 1731679452437551420, 
-0.6737874150276184, -0.5088906288146973, -0.4198123653101516, 0.09871472459469104, 0.2992461317670917, 0.32987803054217046, -0.42551916632404746, 1.3882340046154704, 1731679452529552341, 
-0.378582239151001, -0.2904632091522217, -0.40486564283304766, 0.07942606912425051, 0.2625887088497479, 0.3024732840653014, -0.4539304534077727, 1.3759759515874035, 1731679452640424084, 
-0.08230757713317871, -0.12051886320114136, -0.2868173549475774, 0.0813573725330469, 0.27321697043086696, 0.2977756923544873, -0.48356104900448327, 1.3622439166077587, 1731679452743689716, 
0.02854764461517334, 0.8197627663612366, -0.16513135691310027, 0.14604407955599621, 0.38217696643752574, 0.38213731433725734, -0.5255381104600005, 1.3414320278008054, 1731679452833832799, 
0.13311344385147095, 0.027392327785491943, -0.059100423038838515, 0.1365703567582872, 0.3686233561552969, 0.3704875300976632, -0.5577059927918739, 1.3231566336077651, 1731679452933699124, 
0.0714956521987915, 0.6074070334434509, -0.007689129064862993, 0.18360444377847374, 0.4338619036159784, 0.42318636932222203, -0.5979893482593349, 1.2987319698040847, 1731679453044458653, 
-0.49405771493911743, 0.6614338159561157, -0.17741434537882203, 0.2189414407339629, 0.4731249409718207, 0.46275607513788425, -0.6417250863819461, 1.2697492145897638, 1731679453123797793, 
-0.2692059874534607, 0.39709150791168213, -0.2093731040321916, 0.2155151584910227, 0.46408875478973377, 0.4643834961884971, -0.6812543357188686, 1.2403333257796358, 1731679453233776161, 
-0.27065926790237427, 0.15570586919784546, -0.23271902185869986, 0.1805938134874064, 0.42183839610778956, 0.42811136955219337, -0.7152512188279482, 1.2125615210750276, 1731679453334489755, 
0.7170449495315552, 0.3034796714782715, 0.10728471222172675, 0.1835460354793302, 0.44093405252558693, 0.4162664108793893, -0.7473922429356643, 1.1834482272752913, 1731679453444380683, 
-0.15158480405807495, 0.1501544713973999, 0.013599044989631534, 0.16927386855182722, 0.4266532168686667, 0.396748136095581, -0.7776238470992259, 1.1543215507692666, 1731679453544323353, 
-0.39371538162231445, 0.0709269642829895, -0.13278152831008616, 0.1520496416959079, 0.40267509903031273, 0.3775988186556871, -0.8063901986091724, 1.124590316344864, 1731679453633663396, 
-0.21131682395935059, -0.16100627183914185, -0.16298409526630409, 0.117697890202545, 0.358087860213621, 0.3286843908428817, -0.8307980298173214, 1.0975185670235659, 1731679453734059425, 
0.16471099853515625, 0.35312986373901367, -0.04298793605778292, 0.14365061021267747, 0.3932241046741576, 0.36531486372564204, -0.8572603229861298, 1.0654208465547677, 1731679453844176879, 
-0.004769444465637207, -0.3082817792892456, -0.032971555952547284, 0.10539048032838785, 0.3400448656578717, 0.3099311031339731, -0.8767854971435648, 1.0402551473326382, 1731679453924514694, 
0.03542768955230713, 0.5073487758636475, -0.004316247375958645, 0.14330487652481674, 0.3977825641462156, 0.3602593211504897, -0.9019540690365111, 1.0054724347402606, 1731679454034621603, 
0.1384497880935669, 0.46414339542388916, 0.04958971069812103, 0.17681877566001103, 0.4426701110202304, 0.3994368972698278, -0.927352495640112, 0.9672121077807823, 1731679454133700504, 
-0.2990495562553406, -0.06720966100692749, -0.07792870526125402, 0.14324952821358078, 0.3943896585956663, 0.3632182667356452, -0.9473005867906771, 0.9348342812687831, 1731679454244218798, 
-0.5723677277565002, 0.5481809973716736, -0.2506962311376581, 0.17686274974617003, 0.42339619272894136, 0.41772399653909437, -0.970901755701118, 0.8930913731143834, 1731679454345204695, 
0.09013086557388306, 0.28863030672073364, -0.12778353535802922, 0.175705926890533, 0.4264567412564805, 0.4120134820072162, -0.9912479273591974, 0.853091937187099, 1731679454433733940, 
0.48242074251174927, 0.13507968187332153, 0.08905985552283044, 0.16234526615798112, 0.41870628040986185, 0.3877306688570926, -1.0076622033551723, 0.8166747908151748, 1731679454530574380, 
0.46516168117523193, 0.29781025648117065, 0.22373376035478262, 0.17588569787843497, 0.44447447211119173, 0.3957160847573595, -1.0234630225944485, 0.7775110342188313, 1731679454639769561, 
-0.44513803720474243, 0.5012406706809998, -0.013656768460983765, 0.19706400684861664, 0.46550146867421227, 0.4233370249289904, -1.0401212945660807, 0.732429280062908, 1731679454678829970, 
0.19963783025741577, -0.21732831001281738, 0.057197873868850946, 0.13695082208472592, 0.39813983048596047, 0.34397669260462294, -1.0509227977547584, 0.6988795697958456, 1731679454839578469, 
-0.1981663703918457, -0.07298946380615234, -0.035569370049586435, 0.1216880880648777, 0.37407453672796087, 0.32530438754074625, -1.0610793875383424, 0.6635865070570278, 1731679454880537914, 
-0.0727422833442688, 0.13339877128601074, -0.04805746479558741, 0.12736242195591177, 0.3802031472382933, 0.3349851858961258, -1.0705356370189845, 0.6256245674237542, 1731679455039160986, 
-0.7169027924537659, -0.18795722723007202, -0.28823967752637636, 0.10172351804301033, 0.3359993368515761, 0.3027491631269068, -1.078597790249309, 0.5906758924408351, 1731679455119047590, 
-0.44494760036468506, -0.43533778190612793, -0.34555129068336, 0.07560690917669563, 0.28389891754047974, 0.2663162995889733, -1.0845464532529088, 0.5603062947791226, 1731679455239583261, 
0.004193127155303955, 0.7555258274078369, -0.212709928558063, 0.1325342791233895, 0.372064034126522, 0.3562136271368832, -1.091578805666726, 0.5148966585147166, 1731679455328795051, 
-0.06251364946365356, 0.19564247131347656, -0.15719222859538817, 0.13749997214133855, 0.38255804523853626, 0.3594225081728532, -1.0965946656532528, 0.47369140640586094, 1731679455439247139, 
-0.08507126569747925, 0.755804181098938, -0.12593512497074064, 0.19234457708507322, 0.44636575416300944, 0.43091248665736664, -1.1006346363916744, 0.42307128903411223, 1731679455519640530, 
0.36493390798568726, 0.6022761464118958, 0.052150952721618904, 0.23182839951052694, 0.4882147470443806, 0.4748492357389869, -1.102003971362418, 0.372587415634421, 1731679455633659239, 
-0.11466836929321289, -0.19311070442199707, -0.01331638088556332, 0.15506684440193622, 0.40712266906000877, 0.3808848197030261, -1.1017037646359433, 0.33666082814214965, 1731679455733651134, 
-0.3466581702232361, 0.2300814390182495, -0.1315464401810263, 0.15321053492938297, 0.406833969443216, 0.3765922868708912, -1.0999777810805362, 0.29378499225242843, 1731679455845559912, 
-0.6631611585617065, 0.23708266019821167, -0.3204044893519735, 0.14912320086768627, 0.39055863110422956, 0.38182026715443224, -1.096630912644791, 0.25054426424343823, 1731679455924561421, 
-1.1141626834869385, -0.3020326495170593, -0.6082092040958968, 0.08945795924937072, 0.2733372897647533, 0.32728047946316574, -1.093216095769464, 0.2204002013520986, 1731679456033738035, 
-0.39409273862838745, 0.002213776111602783, -0.5322507060196053, 0.06072147273182199, 0.21354763818653477, 0.2843462622554576, -1.089406634430108, 0.19432700733251293, 1731679456135623609, 
2.0539443492889404, 0.3135479688644409, 0.39330791350526917, 0.07903232261625011, 0.2712642796824055, 0.29134806362555604, -1.084144031376338, 0.17122583948944006, 1731679456244608200, 
0.9509196877479553, 0.5202396512031555, 0.5954535665685325, 0.1254975031326509, 0.3706033935741716, 0.33863020498093244, -1.0769461119562163, 0.13855206375094062, 1731679456324098115, 
-0.7081235647201538, 0.17239326238632202, 0.13043972224044265, 0.1313784832670027, 0.39589898337273055, 0.3318484986947102, -1.0680217948301027, 0.10018986439656542, 1731679456434639650, 
-0.1733112931251526, -0.03951483964920044, 0.0205956555485826, 0.11880014855152096, 0.38000132200301795, 0.3126308822435556, -1.0580185830450342, 0.06491740806656437, 1731679456533709115, 
-0.5651984810829163, 0.41169631481170654, -0.18584726049835476, 0.14424414817935358, 0.40169516566009394, 0.35908858385766573, -1.044602991714317, 0.02205306369660454, 1731679456625425235, 
0.09928011894226074, -0.03582489490509033, -0.08539673919636642, 0.1275222103581955, 0.3729575014524882, 0.3419215590558133, -1.0319072761213912, -0.012390866135559083, 1731679456745110028, 
-0.16578459739685059, 0.34274405241012573, -0.11156578427976914, 0.14849017372558174, 0.39734646767415643, 0.3737045269201964, -1.0159870146460397, -0.052585001888224944, 1731679456834633158, 
-0.3929450511932373, -0.055404067039489746, -0.2131107987813805, 0.1265555204586792, 0.36270941620293773, 0.3489171077595371, -1.0007811915972742, -0.08695966092409024, 1731679456883791648, 
-0.09937876462936401, 0.21598130464553833, -0.17017521659292933, 0.13695812543105856, 0.37777713705931487, 0.3625368292458491, -0.9827723118369741, -0.12435325407089418, 1731679457044611759, 
-0.027526557445526123, 0.1843230128288269, -0.11803676787798457, 0.14183288141242453, 0.3821610541879224, 0.37113379256767537, -0.9638038426674806, -0.1600113085187266, 1731679457144784638, 
0.1654876470565796, 0.35954177379608154, -0.014724881798831538, 0.15526405398598633, 0.40858065670157123, 0.38000833235576237, -0.9424062253393275, -0.19695366991538818, 1731679457234604913, 
0.14090895652770996, 0.45813190937042236, 0.043260559931033164, 0.18286849935292143, 0.44553234384910384, 0.41044943622512103, -0.9177668175894832, -0.23598040030055606, 1731679457334605973, 
-0.22219014167785645, 0.322205126285553, -0.05102292160951551, 0.1900938061205825, 0.44829543126014587, 0.42403690259843635, -0.8916271734402463, -0.2737391150539854, 1731679457444254436, 
0.35125839710235596, 0.07168149948120117, 0.09026549138334089, 0.16889028992837188, 0.4230939265411684, 0.39917918772567945, -0.8674800112541434, -0.3045870543095702, 1731679457524561106, 
-0.3579171895980835, 0.2851964831352234, -0.06914677504688937, 0.17305565155887356, 0.4267023146960075, 0.40556529833254445, -0.8395953771486713, -0.3387924320195387, 1731679457634618118, 
0.1098906397819519, 0.12204468250274658, -0.006285219667698502, 0.162639551282219, 0.4105715243715439, 0.39612964277337326, -0.8126083249713889, -0.3685184325341748, 1731679457734617795, 
0.14404523372650146, 0.20141518115997314, 0.047804883099029784, 0.1654234907633205, 0.4205807227099848, 0.39332161896870804, -0.7834368837368579, -0.3985413776586722, 1731679457843741083, 
-0.47308576107025146, 0.35849058628082275, -0.13683571657497015, 0.1734028227520529, 0.4278688862512164, 0.4052709330452278, -0.7507664444359259, -0.4302481091816865, 1731679457939645791, 
-0.06937175989151001, -0.4393464922904968, -0.11865008288461801, 0.1055019329065946, 0.3355105327919198, 0.314451925036958, -0.7276188966336207, -0.44954192566850976, 1731679458034612002, 
-0.4150264263153076, 0.36544889211654663, -0.22068291868000228, 0.132748796504861, 0.36661657576089296, 0.3620916381899755, -0.695697884717909, -0.47679230927911076, 1731679458134617630, 
-0.03988903760910034, 0.9888110160827637, -0.14769216462569507, 0.2147276447588036, 0.4675685674322573, 0.45924311366356757, -0.652658483724584, -0.5110416172256929, 1731679458243998469, 
0.010876953601837158, 0.6031535863876343, -0.0883209977956889, 0.24122177477212087, 0.49625813732304874, 0.48608124810473974, -0.6094446637533326, -0.5412678566973481, 1731679458323760178, 
-0.18177878856658936, 0.7524141073226929, -0.11811670212559043, 0.27615478331312276, 0.5342140424443187, 0.5169365860350001, -0.5608430735383767, -0.5720715391464585, 1731679458384641391, 
-0.09855449199676514, 0.45769357681274414, -0.1118460898813347, 0.25808042264096076, 0.5134871000808637, 0.502603517401544, -0.5151874857166047, -0.5969302513354037, 1731679458534728784, 
-0.4314950108528137, -0.3494132161140442, -0.23413810481677289, 0.14490894918541353, 0.3833989152362158, 0.37795868331065496, -0.4824997550882286, -0.611488492513812, 1731679458644221485, 
0.14731138944625854, 0.5254713296890259, -0.0939076327973627, 0.17680675901440995, 0.4265866114933378, 0.4144686078999721, -0.44060082253108807, -0.6305673763008308, 1731679458740345491, 
0.5479793548583984, 0.8473457098007202, 0.14088976588128352, 0.2557729004122027, 0.512850562143977, 0.4987279322517294, -0.3915070136455873, -0.65049270880683, 1731679458833857126, 
-0.14031976461410522, 0.19631344079971313, 0.036925759126072225, 0.2084540507747814, 0.4699624961458838, 0.44355465060359617, -0.34914949001378964, -0.6642332501531814, 1731679458935624295, 
0.10771125555038452, -0.05785876512527466, 0.05809397170264094, 0.15909441421083953, 0.42071518985145934, 0.37815229411376977, -0.31144384547778275, -0.6744562138765898, 1731679459044429918, 
0.4431697726249695, 0.20290052890777588, 0.1949223890549104, 0.16548289647892783, 0.4288066161869058, 0.3859149794619729, -0.2725111808595453, -0.6839617586871379, 1731679459124631203, 
0.17160075902938843, -0.09687930345535278, 0.18325966505246155, 0.1382516757467762, 0.4019631742574189, 0.34394114834569206, -0.23698754661536534, -0.6909881222001624, 1731679459234638141, 
0.3711141347885132, -0.12047690153121948, 0.247418691103105, 0.12386402536252215, 0.385589579491763, 0.3212328132046114, -0.2035947755330845, -0.6964214729545601, 1731679459334754949, 
0.6166738271713257, 0.41407454013824463, 0.380641458841163, 0.16679357894331756, 0.43958110651127985, 0.3794375519618416, -0.16365099429444652, -0.7021736754426193, 1731679459444580009, 
0.31270694732666016, 0.09451156854629517, 0.353913026624043, 0.15916394623733343, 0.4407530598018953, 0.3611181878325987, -0.12523853463745782, -0.7058051480618251, 1731679459539894688, 
-0.05427753925323486, -0.15377682447433472, 0.20418845155289822, 0.12927158464958882, 0.40802428108326605, 0.31682326430766555, -0.08930428689488784, -0.707879615131233, 1731679459633890372, 
0.06823962926864624, -0.0916857123374939, 0.1532727649504964, 0.11913392516725024, 0.3907014408005315, 0.30492317848418893, -0.05369851271734469, -0.7089704969223313, 1731679459734729483, 
-0.14618444442749023, -0.07810080051422119, 0.04467586553571948, 0.11133986702622464, 0.3729539241659012, 0.29853518038517085, -0.018132922623376128, -0.7091431730938461, 1731679459844709563, 
-0.07085144519805908, -0.31338948011398315, 0.0011198360336014124, 0.09066567550628071, 0.3416828991306876, 0.2653503459990332, 0.014372573872599293, -0.7082152887284564, 1731679459940005069, 
-0.12113475799560547, -0.9699898958206177, -0.047809358445990796, 0.048564492296111164, 0.26432482769942506, 0.18373034693258516, 0.03737404863920074, -0.7066961931283124, 1731679460034638486, 
-0.1450825333595276, 0.02790933847427368, -0.07947506992338023, 0.07011564613017063, 0.2994682452020674, 0.2341338263856985, 0.07047360907551875, -0.7048986565290614, 1731679460135630861, 
0.0706561803817749, 0.41690224409103394, -0.02132137456463009, 0.11190777854603762, 0.3605347174368564, 0.3103939042032395, 0.11021651827155746, -0.7016782538578221, 1731679460243804623, 
-0.45200467109680176, 0.20534241199493408, -0.17309542884730567, 0.12272995737882206, 0.37369344629363593, 0.3284241631639023, 0.15117235989214345, -0.696952251073936, 1731679460341314030, 
-0.40704184770584106, 0.3583027720451355, -0.25401340551873125, 0.1418011199086641, 0.38610617809269177, 0.36725939120979867, 0.194197666259252, -0.6904605802460467, 1731679460434643396, 
0.178863525390625, 0.20346856117248535, -0.09819207871104144, 0.14752246238693723, 0.3920604873897815, 0.3762747512994654, 0.23440720825635908, -0.6824336614164018, 1731679460534653281, 
-0.518196165561676, 0.5057381391525269, -0.2444118921535599, 0.1717347603694654, 0.42212464039278286, 0.40683424736747864, 0.2813984796844569, -0.6718414095967944, 1731679460623906063, 
0.602708637714386, -0.059507548809051514, 0.05570066903254395, 0.14331426724411359, 0.39138836660452736, 0.3661689500059244, 0.31618761910914805, -0.6613684365259874, 1731679460741382601, 
-0.6848833560943604, 0.057567477226257324, -0.20918423761390104, 0.13396683125118966, 0.3675830314358391, 0.36445325217514374, 0.3534169740640451, -0.6497199521893785, 1731679460834649346, 
-0.4643651843070984, 0.13316965103149414, -0.29899149456690566, 0.12659341906859145, 0.3576668281249047, 0.3539422980103215, 0.391445422993529, -0.6363554889387124, 1731679460935647700, 
0.06739974021911621, 0.40619713068008423, -0.16423805153276888, 0.15637155525880667, 0.3939017075599814, 0.3969811561047757, 0.43202636021672136, -0.6202078996328336, 1731679461023669488, 
-0.373069167137146, -0.0284578800201416, -0.2397302011692537, 0.13569457199414087, 0.3582634574288407, 0.3787563849463852, 0.46652364882465336, -0.6047480685186573, 1731679461123909549, 
-0.02805459499359131, 0.43267691135406494, -0.1599169771864067, 0.16426821764068936, 0.4002085469876972, 0.410456545411408, 0.5068058267190739, -0.5851162196235214, 1731679461233653511, 
0.24784451723098755, 0.5820395946502686, -0.010377441007837412, 0.2043639281982188, 0.45183146230984006, 0.4523012345211095, 0.5488270509409932, -0.5621001741696767, 1731679461334656373, 
-0.06505906581878662, 0.5379082560539246, -0.02764986295837385, 0.22911718189656652, 0.48033387919544795, 0.4769956728439276, 0.5914995868610154, -0.5361443598632085, 1731679461423881685, 
-0.493818998336792, -0.14689868688583374, -0.19953583366411506, 0.15470021874867054, 0.38886879195301927, 0.39782112103087064, 0.622834417054256, -0.5149084527761179, 1731679461525501669, 
-1.2116413116455078, 0.07455968856811523, -0.5599120322989691, 0.13759024171691292, 0.3519403539539901, 0.3909476141940244, 0.6574954046990024, -0.4904066218381478, 1731679461633802868, 
0.47382843494415283, 0.5319629907608032, -0.1849487414494715, 0.17144805575132915, 0.409895379892659, 0.41827272070309, 0.6940757235314133, -0.4613600139250589, 1731679461734668887, 
-0.033787310123443604, 0.18800538778305054, -0.13066372727707465, 0.16467655729328487, 0.4007666316076307, 0.41090386350955216, 0.7255768760771145, -0.4340503996056339, 1731679461843963127, 
-0.33902257680892944, 0.033443331718444824, -0.20569376857399085, 0.14283942950682657, 0.37315748646163066, 0.38278591396159434, 0.7544925990838244, -0.4072645547219323, 1731679461940925068, 
0.1591772437095642, 0.6465829014778137, -0.06991923984335796, 0.1894002656053715, 0.44021676315363384, 0.4302431925775429, 0.7886170655333653, -0.3728136787040801, 1731679462033661206, 
-0.20885449647903442, -0.3030666708946228, -0.12505743202796457, 0.12607666891927868, 0.3527236172166851, 0.3574375595094538, 0.8106883564288657, -0.34842288308988445, 1731679462135674124, 
0.23131334781646729, 0.3436950445175171, 0.005300224900108286, 0.14847136655589604, 0.3947808972149649, 0.3760854884400621, 0.8375893539938137, -0.3166542646111411, 1731679462223993467, 
-0.08568137884140015, 0.13186240196228027, -0.026944459440227844, 0.14601665645767894, 0.39613142297430054, 0.36860659869225254, 0.8625063249771392, -0.285041413187981, 1731679462340908488, 
-0.10339373350143433, -0.4723336696624756, -0.05920682745265711, 0.09740000371584816, 0.322445084455558, 0.3020669515874497, 0.8798471503055871, -0.26132653983376686, 1731679462434674634, 
-0.3039137125015259, 0.4609107971191406, -0.14242532569302846, 0.13149103865049952, 0.36636659876602296, 0.35890564012489357, 0.9030905883997797, -0.22734369615786243, 1731679462535675110, 
-0.5213434100151062, -0.1817365288734436, -0.27905963482709145, 0.10175474176858547, 0.3223209027174873, 0.31569389670570946, 0.9219150717411982, -0.1984239092715496, 1731679462624973794, 
-0.18292099237442017, 0.045894742012023926, -0.24244920162495426, 0.1072656440753701, 0.329789841822393, 0.3252545423553027, 0.9410010693804792, -0.1663321229821085, 1731679462742029438, 
0.5272106528282166, 0.4089583158493042, 0.03661890703195114, 0.14437771212747716, 0.389305130085531, 0.37086002975547, 0.960636886392083, -0.12964035509883456, 1731679462833669579, 
0.18005383014678955, -0.2700995206832886, 0.08471695486777243, 0.11279242839707941, 0.3540326896236393, 0.31859325904900304, 0.9749580776459706, -0.10101548738598248, 1731679462931705819, 
-0.38464677333831787, -0.1789400577545166, -0.08388642611870138, 0.0983270463675583, 0.3340502159888009, 0.29434809996008127, 0.9894454700765221, -0.07046715920819355, 1731679463044317878, 
0.21425211429595947, 0.16262286901474, 0.024496012374077017, 0.12004809014403972, 0.36160005127191364, 0.3319913526609728, 1.003707985951903, -0.036090929692948255, 1731679463141883362, 
0.35023951530456543, 0.14861339330673218, 0.1419135977930288, 0.13638868155049733, 0.3896660368846634, 0.35001429080376023, 1.0172391989579532, -0.00030074468928272414, 1731679463233748465, 
0.21743851900100708, -0.20591098070144653, 0.16603628546712315, 0.1122593613715074, 0.36647994970197195, 0.30631788031732354, 1.0279441863075023, 0.030432584540476093, 1731679463331684283, 
-0.3263360857963562, -0.18150311708450317, -0.011349273065944104, 0.09770548597463992, 0.34575719537240707, 0.28258410029443815, 1.0383161160228638, 0.06247889687515911, 1731679463424915222, 
-0.10915452241897583, -0.07628703117370605, -0.04601588836419855, 0.10361042517527938, 0.3447888557017149, 0.3005039851546572, 1.047756069187395, 0.09631989391508021, 1731679463523753473, 
-0.6364200711250305, -0.7495072484016418, -0.26088462025071557, 0.0578311287795714, 0.26541509629432736, 0.2178893724848288, 1.0548341440440312, 0.12145153190933344, 1731679463634729611, 
-0.2766004800796509, -0.40295952558517456, -0.2649270696809907, 0.06131973103042722, 0.261002186109316, 0.2349395303713838, 1.0616628538475394, 0.15083849525011386, 1731679463730706845, 
-0.12392538785934448, 0.07169240713119507, -0.21053140504615836, 0.08581080132164513, 0.2962729288893372, 0.2896342964689051, 1.0686611465154603, 0.1855103591893315, 1731679463825011587, 
0.09486210346221924, -0.199474036693573, -0.10078028781962975, 0.08457740534060688, 0.2950192321257375, 0.2866843789511319, 1.0739619314957074, 0.21607606583873587, 1731679463924455066, 
-0.38482677936553955, 0.09117734432220459, -0.19890513357569484, 0.10048656317955063, 0.3232694715299266, 0.3108445802320313, 1.0796287744223156, 0.25336038323296256, 1731679464033684423, 
-0.3279746174812317, 0.12703466415405273, -0.24247113043479618, 0.11399149804392726, 0.33517260792726244, 0.34009789388476863, 1.0839676103470144, 0.29157841627201103, 1731679464131731401, 
0.07295584678649902, 0.2680056691169739, -0.1266929152534258, 0.1326718619468315, 0.3656606818267272, 0.36282780331766623, 1.0870855063613332, 0.33210847531073345, 1731679464245108254, 
-0.3171415328979492, 0.3834863305091858, -0.1914063384613198, 0.15657445635710385, 0.39352524805412603, 0.39787652032829257, 1.0889499709698336, 0.3765732974501147, 1731679464342033986, 
0.04564809799194336, -0.0727773904800415, -0.1081683635850733, 0.12983145804012575, 0.3625997459000291, 0.3580572228970096, 1.088924296044508, 0.41248122126409226, 1731679464434782844, 
-0.5296046137809753, -0.07133471965789795, -0.25873938896073373, 0.11573290903558432, 0.3377944342595029, 0.3426134278656443, 1.0879259143732773, 0.44908046220160186, 1731679464531691869, 
-0.4711204171180725, 0.2818881869316101, -0.33090828702969244, 0.1277183293679429, 0.357134595603894, 0.35761959479724603, 1.0854234077261293, 0.4914421140145313, 1731679464625256293, 
-0.1608428955078125, -0.03692132234573364, -0.26967602548499475, 0.11367163941253498, 0.33714415330518616, 0.33716034609574946, 1.0817095695103536, 0.5280593712585756, 1731679464741855960, 
-0.24904465675354004, 0.3413427472114563, -0.25839449054908276, 0.13822315950739505, 0.36562613379029074, 0.3780450759208438, 1.0759653057418541, 0.5702514096847868, 1731679464834696323, 
-0.060309410095214844, 0.30312401056289673, -0.18475482273176747, 0.15374822292499335, 0.3870721231127506, 0.39720820421936687, 1.0684663391259015, 0.6126375690005709, 1731679464932702657, 
0.28831541538238525, 0.056024014949798584, -0.016143245425832814, 0.13929395750266674, 0.37980860460914445, 0.3667477666705633, 1.0602752467916108, 0.6493492208975918, 1731679465045351402, 
-0.2525389790534973, 0.28471672534942627, -0.09884859773782805, 0.15350256166679424, 0.39443590131068434, 0.38916985283721744, 1.0498693406958721, 0.6900918783172175, 1731679465125646262, 
-0.5330032706260681, -0.27443355321884155, -0.2566621838197946, 0.11050636527107795, 0.3328930590772124, 0.3319575529072437, 1.0403605118267616, 0.7224395256799063, 1731679465233899524, 
0.14999794960021973, -0.5007204413414001, -0.1140475143967046, 0.078299487283348, 0.28476616908299107, 0.27496063712725904, 1.0315739195983886, 0.7482134923122338, 1731679465332729710, 
0.22487616539001465, 0.43240630626678467, 0.012063099068208627, 0.12163239468156588, 0.3547217216748243, 0.3428952535166907, 1.0181022572159175, 0.7853706806767539, 1731679465424932011, 
-0.5746709704399109, 0.2886239290237427, -0.1948833467069304, 0.13968937998074746, 0.37344001038890917, 0.3740610970829603, 1.0026930675355916, 0.8243560722109964, 1731679465524861025, 
-0.40453553199768066, -0.0010006427764892578, -0.26940473417504673, 0.12455184207746262, 0.35273530900101735, 0.3531028476570895, 0.9871025185473195, 0.8594393053716356, 1731679465633711381, 
-0.12664908170700073, 0.5847017765045166, -0.21281156018514194, 0.16991484132985582, 0.4089732980989939, 0.4154668339465212, 0.9661543047905634, 0.9026415385200859, 1731679465732731482, 
-0.030927002429962158, 0.1977723240852356, -0.14783797317922454, 0.1555959652439505, 0.39432423743851686, 0.3945888953077886, 0.9464575322717688, 0.9384071814438649, 1731679465828151758, 
0.7915276885032654, 0.11358344554901123, 0.18740204267672178, 0.15559890192675185, 0.4066642295405932, 0.38262254367080983, 0.9264341485828084, 0.9708099519761735, 1731679465942742509, 
0.03934210538864136, 0.22317403554916382, 0.13468835788456093, 0.1639507075139663, 0.42281226800715255, 0.38776241826358926, 0.9039513346690383, 1.00527257959731, 1731679466034715631, 
-0.030553877353668213, -0.25028467178344727, 0.0717627371987527, 0.12275085859030752, 0.37729250762585664, 0.32534666368735266, 0.8841403426350913, 1.0326733352891762, 1731679466132732302, 
0.07374578714370728, 0.3380463123321533, 0.07419427873584614, 0.15242634687298132, 0.40747964617303045, 0.3740710690817073, 0.8592170881893425, 1.0656872765726422, 1731679466225372017, 
-0.2101765275001526, 0.18528711795806885, -0.027336260297628104, 0.14986959994313598, 0.406277972383044, 0.36888438490540915, 0.8332459597484364, 1.0975069764485048, 1731679466343150721, 
-0.044909000396728516, -0.6673705577850342, -0.04031701498544725, 0.079500812712591, 0.3107228183690314, 0.25585765837825114, 0.815637496421548, 1.1164371424608028, 1731679466435990613, 
-0.3299686908721924, -0.29572898149490356, -0.14366763355640808, 0.07678670738976383, 0.2986627951945032, 0.25710168332067185, 0.7943806279039703, 1.1397177761721973, 1731679466532820468, 
-0.2545485496520996, 0.2564740777015686, -0.17939953097383377, 0.09839801530057662, 0.3352065129492269, 0.29354446139738577, 0.7676741042746335, 1.1678491733840215, 1731679466626451439, 
-0.33344727754592896, 0.03588324785232544, -0.23282564596778957, 0.10154315468648684, 0.33494574153206735, 0.30316299655586215, 0.7409989080650692, 1.1940237777291005, 1731679466743468941, 
0.13676464557647705, 0.03539353609085083, -0.09953014493660065, 0.11240277833299143, 0.34179542437075733, 0.3288598100455091, 0.7142490270828138, 1.2183910200032477, 1731679466835774501, 
-0.17339026927947998, -0.15466994047164917, -0.12616866813031197, 0.10001156345770097, 0.32618339909266314, 0.30661144538900764, 0.6885710489343974, 1.2402323015624488, 1731679466933873205, 
-0.08712685108184814, -0.13412386178970337, -0.11186112795328103, 0.09217218081077018, 0.3204779346542933, 0.2876085085551939, 0.6624179744538011, 1.2612267291366748, 1731679467026509988, 
-0.20583146810531616, 0.18608319759368896, -0.14242181277804722, 0.1111515496933313, 0.3486486941743645, 0.3188067288092085, 0.6314652455852737, 1.2851316028963744, 1731679467144053924, 
0.3438839912414551, 0.2201870083808899, 0.0331731148841205, 0.13068299314453058, 0.37706082657271595, 0.34658332007694903, 0.5997449070650489, 1.3075702477252085, 1731679467236276391, 
-0.11431264877319336, -0.1272299885749817, -0.020736872040335287, 0.1124471005097616, 0.35857544329277125, 0.31359398032717567, 0.5703111440212044, 1.32663519603903, 1731679467333917246, 
0.30948013067245483, 0.6103105545043945, 0.10163468433110376, 0.16374672313041116, 0.4291348164827357, 0.3815740807807394, 0.5316260175772153, 1.3508107988120905, 1731679467425855608, 
-0.6931466460227966, 0.1671377420425415, -0.1828726018324516, 0.15318940985377957, 0.40425690160784966, 0.3789407410102334, 0.49492338633508043, 1.3714527240278303, 1731679467527085509, 
-0.5323614478111267, -0.5316818356513977, -0.31272004290425237, 0.08832293869696821, 0.30526195719848304, 0.2893349027423687, 0.46812775105616267, 1.3843381914582242, 1731679467635691845, 
-0.5378583669662476, 0.3772841691970825, -0.3878235985665659, 0.11040880088966219, 0.34137734715448104, 0.323421579697553, 0.42987165367286617, 1.40341019755806, 1731679467734371945, 
-0.00890207290649414, -0.1466570496559143, -0.2521463793700905, 0.10130636129386061, 0.3200167757260162, 0.31656578335316554, 0.3980374953377368, 1.4171736779561501, 1731679467824851021, 
-0.09440988302230835, 0.011377036571502686, -0.19389973877439928, 0.10625384320958325, 0.3271005953192469, 0.3248353709227602, 0.36440747901723874, 1.4308014940058034, 1731679467943843722, 
0.2350899577140808, 0.6756213903427124, -0.03452005580235468, 0.1583945104331731, 0.4085801991866995, 0.38767054974388315, 0.3210882201986763, 1.4471575147699214, 1731679468035293968, 
-0.18152034282684326, -0.29058414697647095, -0.09094363390219357, 0.1138409278578279, 0.3454501731566899, 0.32954369892931484, 0.29015558143578024, 1.456359527243042, 1731679468135297453, 
-0.4569874405860901, 0.6291688084602356, -0.21592685823457825, 0.16673190863664902, 0.4044777072063416, 0.4122153227880909, 0.2447861104534621, 1.4701714506493166, 1731679468224745411, 
0.3096276521682739, 0.1105273962020874, -0.028411720160918724, 0.15063308444552556, 0.3981352562842136, 0.3783465093028444, 0.20583348552817943, 1.479002588840805, 1731679468345575758, 
0.5623737573623657, -0.44830650091171265, 0.17743327953257904, 0.10629634035693404, 0.34296628483386443, 0.30993233171133666, 0.17794169589893316, 1.4834701687745901, 1731679468435072851, 
-0.30430662631988525, 0.2524476647377014, 0.007534197980932356, 0.1307899588145454, 0.3745972004235075, 0.3491482548899951, 0.1394215476378944, 1.49044862583617, 1731679468535110329, 
-0.19137245416641235, -0.25834327936172485, -0.06570074079890173, 0.10433848348880713, 0.3386629162898946, 0.30808948506040046, 0.10657775149698347, 1.4945385209395192, 1731679468644848812, 
-0.7153246402740479, 0.19663739204406738, -0.29510843087022176, 0.1168421491061023, 0.3474808926049744, 0.33625488938446924, 0.06672093060742212, 1.4991776836130553, 1731679468725635771, 
0.18930739164352417, 0.4845830202102661, -0.11785235085014004, 0.15276349765324795, 0.393211456630819, 0.3885021534270187, 0.02323954825118047, 1.5023840535191288, 1731679468836124060, 
0.15400630235671997, 0.3960416316986084, -0.01832164827941711, 0.1764214955819824, 0.4244739800605033, 0.4156238164629921, -0.02118791480252491, 1.5036818524452, 1731679468934763757, 
-0.1564117670059204, 0.0951727032661438, -0.06871367330068265, 0.157185023235555, 0.40355326782856515, 0.38950254096896403, -0.06164574695947476, 1.502876608643533, 1731679469044917754, 
0.021977007389068604, 0.22987425327301025, -0.03558046126187079, 0.1581990782778938, 0.4103062015112504, 0.3855634589367913, -0.10364744815766914, 1.5006067707594917, 1731679469125264071, 
-0.2844914197921753, -0.4140359163284302, -0.1294269413980333, 0.10433709069229032, 0.33056470112871117, 0.3156328861975642, -0.13460125046126678, 1.4972569548419388, 1731679469234863576, 
0.00678253173828125, -0.10553109645843506, -0.08048301135039393, 0.10220226450552197, 0.32633221130726664, 0.31318472698758737, -0.1680160698460957, 1.4931525586887926, 1731679469334956043, 
0.5870407819747925, 0.6825552582740784, 0.16380670560846305, 0.16122068954382102, 0.42196380998104005, 0.3820723145690269, -0.2120647158033432, 1.4866314295422958, 1731679469424816615, 
-0.15359866619110107, 0.13510870933532715, 0.04938295311272163, 0.1532013342486504, 0.41310966493692836, 0.3708490680605124, -0.25147124571772334, 1.478892252975608, 1731679469545538346, 
-0.10750997066497803, -0.099598228931427, -0.00910525658535108, 0.1261386594310137, 0.37896554588795495, 0.3328499405808989, -0.28685984340122533, 1.4704359422544362, 1731679469634877509, 
-0.014037549495697021, 0.38315337896347046, -0.008488190682142429, 0.14785405587100198, 0.4110415288515389, 0.3597058824788585, -0.3283990459104495, 1.4594971379716133, 1731679469734926274, 
-0.19517147541046143, 0.22128570079803467, -0.07451215975299978, 0.1516232529485617, 0.413214869267102, 0.36693561685591825, -0.3691982021028184, 1.4470411760946797, 1731679469824761594, 
-0.16217267513275146, 0.024197816848754883, -0.10708514215280004, 0.13604406125469715, 0.3852513024631953, 0.35313069776758, -0.4057009775695125, 1.434199546778728, 1731679469924657172, 
-0.20072931051254272, 0.0004533529281616211, -0.14090022058147775, 0.1203701461830238, 0.36697350865724426, 0.3280077262891756, -0.44138160529668974, 1.4204635277399245, 1731679470034920054, 
-0.25608426332473755, -0.2604813575744629, -0.18370979835166715, 0.0948612323700578, 0.3263763577701941, 0.2906498283703835, -0.47232630206358994, 1.407356903546536, 1731679470135016702, 
-0.013923466205596924, -0.5917694568634033, -0.12560420514564807, 0.06575012862874993, 0.2788087223191304, 0.2358252212550615, -0.49734882162695476, 1.3958460629291158, 1731679470224761700, 
-0.22568124532699585, -0.25611716508865356, -0.16000431357946376, 0.06467543621734236, 0.2824110751425702, 0.22901168512846784, -0.5256116929162636, 1.3824608104473077, 1731679470325516530, 
0.5355515480041504, 0.34922802448272705, 0.09251219414334899, 0.10180036410401808, 0.3467117394511551, 0.293616721098536, -0.5580307374602079, 1.3656712313459605, 1731679470436043730, 
-0.2901238203048706, -0.7234163880348206, -0.0487628623913314, 0.061090171008890755, 0.27816862588071345, 0.21961560479896802, -0.5797732512973989, 1.3537331454566988, 1731679470535093951, 
0.02909719944000244, 0.20999354124069214, -0.017275467645309503, 0.09052546953451411, 0.3278392705541381, 0.276127595640087, -0.610889109243153, 1.3357960998252765, 1731679470624760565, 
-0.11507052183151245, -0.4281010627746582, -0.05366878249692327, 0.07076778658794884, 0.3024738325970306, 0.2339633348787196, -0.6363383488902737, 1.320249148864694, 1731679470724677782, 
-0.39265555143356323, 0.2647731900215149, -0.17142687907786336, 0.09053660975261321, 0.3332580300417721, 0.2716712024651437, -0.6685024333525111, 1.2996805722999258, 1731679470836180263, 
0.16522270441055298, -0.15680432319641113, -0.0510445557355054, 0.08733358456541017, 0.3292904037741137, 0.26521752096158613, -0.6960025705889222, 1.2806484261034325, 1731679470935137900, 
0.040830373764038086, 0.16327768564224243, -0.015989528434106247, 0.10304846277699053, 0.3591620166079835, 0.2869135877735796, -0.7267859599790412, 1.2582751622388808, 1731679471024776904, 
-0.16995620727539062, 0.4586981534957886, -0.06765147502936766, 0.13618031309482403, 0.3996209692817297, 0.3407736919801572, -0.7611777160084975, 1.2315877181080386, 1731679471144916945, 
-0.8998613357543945, -0.4103853702545166, -0.3684698761549663, 0.08630110486516612, 0.31536831713708263, 0.27365179117740357, -0.7867063256335554, 1.210851862075339, 1731679471235289821, 
0.08093184232711792, 0.14028507471084595, -0.20516871786315125, 0.09782814298343774, 0.3328111961011075, 0.29394486762914585, -0.8149098845752949, 1.186070435282436, 1731679471334776037, 
-0.3212224841117859, -0.005157947540283203, -0.24487549483371085, 0.09003951742598969, 0.33413459353554065, 0.2694708035862576, -0.8429907932772264, 1.1605733027510616, 1731679471424771286, 
0.3063596487045288, -0.1514374017715454, -0.04790196275734501, 0.09614710206009558, 0.32845962286463865, 0.2927212216270452, -0.8661057247022235, 1.1372823215177297, 1731679471525599984, 
-0.03909653425216675, 0.49452143907546997, -0.040480459873941665, 0.13476155778223045, 0.38435600667229014, 0.3506164999188654, -0.8954407563376133, 1.1066047838226132, 1731679471635859216, 
0.22618085145950317, 0.4140971302986145, 0.057210601149323304, 0.16534398330985706, 0.4234622771723344, 0.3904574084235791, -0.9242344474089493, 1.0738350267291845, 1731679471734906799, 
0.13660508394241333, 0.12424945831298828, 0.08457856565497382, 0.16000113164266636, 0.41774716195132505, 0.38300950004134154, -0.9494376740334588, 1.0427727659166302, 1731679471824780262, 
-0.3714870810508728, 0.17623549699783325, -0.07836297903869838, 0.15403737275894921, 0.4108601798372553, 0.374914339033694, -0.9751061446018056, 1.0092699215554308, 1731679471944979474, 
0.33796870708465576, -0.13357532024383545, 0.06764215897635711, 0.12516239735732065, 0.3795229192781146, 0.3297887716383252, -0.9951590186897668, 0.9804976104654213, 1731679472035919612, 
-0.12615305185317993, 0.4106487035751343, 0.0008619229150657048, 0.15460691130862844, 0.4133212204150852, 0.3740599409664031, -1.0186343449319022, 0.9443215943314763, 1731679472134780250, 
0.2862582802772522, 0.05436849594116211, 0.10131104338055427, 0.14547009811312722, 0.40188764816558187, 0.36196707905088943, -1.037845694590426, 0.9117784259646692, 1731679472224810160, 
-0.47593259811401367, 0.07643747329711914, -0.10546147846805615, 0.1379974850607407, 0.3846937655855508, 0.3587203573488947, -1.0570249102053584, 0.8774400704726154, 1731679472345289714, 
-0.2522946000099182, 0.48120588064193726, -0.15460934701762213, 0.16718999355967068, 0.4150611884528177, 0.40280806351200454, -1.0775862452893727, 0.8366675361411854, 1731679472435782524, 
-0.20652663707733154, -0.002013981342315674, -0.1746208848159471, 0.14180843981400904, 0.37775437289163205, 0.37539853934315726, -1.093617718412997, 0.8016823350746507, 1731679472534784259, 
0.00037223100662231445, 0.5177072286605835, -0.10789659794981762, 0.17889153207725553, 0.424705369010183, 0.42121325777957447, -1.1113192514964358, 0.7583711521634692, 1731679472624777772, 
0.3411773443222046, 0.4337925910949707, 0.05451384194562861, 0.19768941796120684, 0.45692613016046746, 0.4326507172872352, -1.1270130975880421, 0.7144854279629022, 1731679472745188214, 
0.3753519654273987, 0.010994493961334229, 0.16551431277886947, 0.16442102878207646, 0.4232609115302139, 0.3884625872671436, -1.1380635565853012, 0.6783967805932423, 1731679472835796192, 
-0.3183344602584839, 0.14060378074645996, -0.008279664910370882, 0.15714242147763713, 0.41036002118372017, 0.3829379407485792, -1.1488385702143202, 0.6392770381401051, 1731679472934789548, 
0.04537773132324219, 0.054118573665618896, 0.009697944883658088, 0.1421623682171277, 0.39525445086957756, 0.3596730356972934, -1.157606491915538, 0.6017037338108154, 1731679473024844700, 
-0.10772848129272461, -0.1774699091911316, -0.034617123472893, 0.11728493478158657, 0.35979182803310034, 0.3259799852118835, -1.1643492265320707, 0.5677692460017784, 1731679473145513793, 
0.0748336911201477, 0.4786938428878784, 0.007952489589769726, 0.1546912718684409, 0.4077141017210858, 0.37941113936320026, -1.1710235928451076, 0.5249927490443542, 1731679473234791895, 
0.35935068130493164, -0.3595808744430542, 0.1284739399482231, 0.10893101316634299, 0.35081272136229524, 0.31051044199120287, -1.1745021797365118, 0.49560730019966504, 1731679473334791857, 
0.03981870412826538, -0.10480540990829468, 0.09617332143483538, 0.10536185471626139, 0.35201940397155923, 0.2993069516269447, -1.177708298282132, 0.46198408481608216, 1731679473424824827, 
-0.1984773874282837, 0.1086919903755188, -0.008063579786751887, 0.11687997724251106, 0.36578319983809354, 0.3195334758246021, -1.180112156727949, 0.42445474702475916, 1731679473545425428, 
-0.26366549730300903, -0.7485693693161011, -0.1048131392860169, 0.06712274996169545, 0.2803837733734818, 0.23939598627301947, -1.1811342031150656, 0.4000340244564419, 1731679473634836287, 
-0.5468100905418396, -0.3591088056564331, -0.26179424871435003, 0.06364940997018913, 0.26819657823582677, 0.23732372123786694, -1.1817802285191044, 0.3695609696170248, 1731679473735023628, 
-0.3948213458061218, -0.22822624444961548, -0.30711154087740383, 0.0656224580528304, 0.26912484437610074, 0.24383649233484855, -1.1816152173089847, 0.337438548749696, 1731679473824814892, 
-2.1436758041381836, -0.38790756464004517, -0.9612109081199436, 0.04726536186274206, 0.20534160476979418, 0.2301791783293534, -1.1814407030065335, 0.3045558058532196, 1731679473944818331, 
1.4722470045089722, -0.5200684666633606, -0.09179296425560124, 0.04193557448276891, 0.1929585530168651, 0.21732944110077168, -1.1795423199368744, 0.2853824933753422, 1731679474034799517, 
