acc_x, acc_y, angular_z, stamp, 
0.0176658034324646, 0.006001114845275879, -1.6722123186556186e-10, 1728047800032878997
-0.020415961742401123, -0.008567631244659424, -3.251471730770861e-10, 1728047800070936392
-0.017101764678955078, -0.005039393901824951, -3.0695034073665125e-10, 1728047800131185735
0.020312726497650146, 0.0039365291595458984, -3.4463719965943625e-10, 1728047800162696719
-0.023040771484375, -0.015886962413787842, -4.883288002715881e-10, 1728047800193705575
-0.0014119744300842285, 0.00039374828338623047, -3.1521872687169526e-10, 1728047800221190608
0.03651010990142822, 0.022001206874847412, -2.263640497694583e-10, 1728047800251204868
0.03117316961288452, 0.0021929144859313965, -1.918656023137517e-10, 1728047800281495514
-0.015576601028442383, -0.01400768756866455, -1.875034283985961e-10, 1728047800311285778
-0.020882487297058105, -0.010071814060211182, -1.975445349001693e-06, 1728047800341461559
-0.022335469722747803, 0.008291482925415039, -1.9794999224631875e-06, 1728047800371572624
-0.016784071922302246, 0.029906094074249268, 2.2623216643489474e-11, 1728047800403100119
-0.020415544509887695, -0.006202340126037598, 2.1307797441584412e-11, 1728047800433745170
-0.007814943790435791, -0.01861286163330078, 2.1646882591655807e-11, 1728047800461613424
-0.005940914154052734, -0.01489633321762085, 1.981831053169187e-12, 1728047800491536799
0.0103493332862854, -0.009446024894714355, 2.8945839287023316e-11, 1728047800521578715
0.017519772052764893, 0.008280694484710693, 2.746627453265154e-12, 1728047800551642443
-0.0004894733428955078, 0.001119375228881836, 1.4616902543073323e-11, 1728047800581698961
0.010135531425476074, -0.007985234260559082, -5.849127617328534e-13, 1728047800610754355
0.008426427841186523, 0.011853933334350586, 1.2862412903459473e-11, 1728047800643452544
0.0030736923217773438, 0.006390511989593506, 4.6229525234774806e-14, 1728047800673759160
0.017360448837280273, 0.006356000900268555, 1.2879537383804225e-11, 1728047800702086386
0.017260193824768066, -0.01691913604736328, 1.1733813212281888e-11, 1728047800731922418
-0.013368368148803711, 0.022876441478729248, -6.2441947789556655e-12, 1728047800761912524
-0.0043370723724365234, 0.0047203898429870605, 1.0402785864507016e-11, 1728047800792055265
0.00827491283416748, 0.009994924068450928, -3.2084731678303476e-12, 1728047800822186956
-0.0026324987411499023, -0.025840699672698975, -5.061746662937863e-12, 1728047800852065308
-0.02424222230911255, -0.009453415870666504, 8.755503288191904e-12, 1728047800881752125
-0.0043239593505859375, -0.009218394756317139, 7.115791625241296e-11, 1728047800914798420
-0.004202783107757568, 0.0018138885498046875, 7.962557771906724e-11, 1728047800942316403
0.02283787727355957, -0.003555476665496826, 5.1181926943647564e-11, 1728047800972336117
0.022893309593200684, 0.007430136203765869, 3.608511934258227e-11, 1728047800994839699
0.003285050392150879, -0.01566910743713379, 3.264573812877181e-11, 1728047801022573734
-0.0018082261085510254, 0.01859670877456665, -3.5467390833655046e-11, 1728047801052545457
0.0019615888595581055, 0.027679383754730225, -1.0750184182720187e-10, 1728047801082431350
-0.012807786464691162, -0.031124472618103027, -5.6706496051699406e-11, 1728047801112480783
0.09309566020965576, 0.00843733549118042, 0.0011358960133526724, 1728047801142495738
1.9123783111572266, 0.35631275177001953, 0.05391561528887196, 1728047801172518217
0.6245512962341309, 0.27503472566604614, 0.09055212404275488, 1728047801203455117
1.0795246362686157, -0.22341829538345337, 0.07772975921073795, 1728047801234956988
1.0019242763519287, -0.48558706045150757, 0.13258458165459097, 1728047801261751478
0.13610893487930298, 0.45356255769729614, 0.14333714619438925, 1728047801293346959
0.7811201214790344, 0.13824033737182617, 0.18918854092842968, 1728047801323298842
1.0720335245132446, -0.23841363191604614, 0.17367563839966868, 1728047801345159026
0.6961546540260315, -0.096127450466156, 0.19580714659021178, 1728047801373509353
0.8305317163467407, 0.20430392026901245, 0.22109937335084737, 1728047801403392679
0.7631589770317078, 0.6658897995948792, 0.22354533010040034, 1728047801433359491
0.8745396137237549, -0.563562273979187, 0.24712611566783071, 1728047801463649782
0.4992533326148987, -0.7801273465156555, 0.2823748752679858, 1728047801493436283
0.8078860640525818, 1.2497600317001343, 0.33748709426162776, 1728047801523403206
1.1980206966400146, 0.3633918762207031, 0.35546299599815595, 1728047801553752758
0.7371264696121216, -1.1528629064559937, 0.33299171651243065, 1728047801584894325
0.452945351600647, -0.010553181171417236, 0.4168813231955217, 1728047801623433228
-0.4976727366447449, -0.27400022745132446, 0.41267154178063853, 1728047801653708273
-0.5982509255409241, 0.2334045171737671, 0.37856057538934035, 1728047801683498975
-1.7664085626602173, -0.32729101181030273, 0.36314904140808496, 1728047801714765935
-0.16589897871017456, -0.6671316027641296, 0.3413460618527252, 1728047801747016364
0.7719593048095703, -0.5179374814033508, 0.35977218193419414, 1728047801783535230
1.2751319408416748, 0.3568074703216553, 0.309651392043132, 1728047801813854746
0.7507418990135193, 0.5744829773902893, 0.35290605856650054, 1728047801842750107
0.4642237424850464, 0.46052372455596924, 0.3291443369207212, 1728047801875226140
0.08027535676956177, 0.28499770164489746, 0.3679068606821746, 1728047801906700588
-0.3527418375015259, 0.09459471702575684, 0.4002387137812723, 1728047801933926936
-0.40452319383621216, -0.5268194079399109, 0.37424503718606456, 1728047801963852764
-0.015452563762664795, -0.13199597597122192, 0.4122231598497115, 1728047801993766337
-0.25142788887023926, -0.01960146427154541, 0.396135686515363, 1728047802022740339
0.37422311305999756, 0.3061560392379761, 0.3912306122753314, 1728047802053788335
-0.37689507007598877, 0.4291514754295349, 0.4348726272728137, 1728047802083884446
-0.07841897010803223, 0.849407970905304, 0.38269080055120464, 1728047802115198780
0.17005681991577148, 0.5189028382301331, 0.390365158406043, 1728047802146826958
-0.25296974182128906, -0.010536253452301025, 0.4759906000420529, 1728047802174010899
-0.091586172580719, 0.24236583709716797, 0.4229067801309769, 1728047802203986838
-0.03690969944000244, 0.9889203906059265, 0.42478215162413097, 1728047802234032525
-0.44622522592544556, 0.6158024668693542, 0.4345870024526673, 1728047802263130604
-0.20775628089904785, -0.05694514513015747, 0.4378446360841908, 1728047802294115740
0.016169488430023193, 0.6014215350151062, 0.4333103099065349, 1728047802324185726
0.08548545837402344, 0.35281383991241455, 0.3741143987678182, 1728047802354862286
0.1372147798538208, 0.4559832811355591, 0.3729972246659227, 1728047802387163345
0.01601886749267578, -0.10483324527740479, 0.40566382192746286, 1728047802414423377
0.05067950487136841, 0.029105782508850098, 0.37524745231774953, 1728047802444398944
0.2315424680709839, 0.8063859343528748, 0.4341674795850981, 1728047802474450116
0.032821714878082275, 0.2741822600364685, 0.45179778038949353, 1728047802504528122
-0.45547598600387573, -0.23426032066345215, 0.42558385957674416, 1728047802534565714
0.11847865581512451, -0.33360010385513306, 0.4370595321807743, 1728047802564657342
0.5925922393798828, -0.4473456144332886, 0.4432411607792564, 1728047802594818772
0.3782086968421936, 0.5296247601509094, 0.38151694392472785, 1728047802627620105
-0.19049638509750366, -0.25841569900512695, 0.4358807380400503, 1728047802664780582
-0.16558444499969482, -0.14742857217788696, 0.4578957028812572, 1728047802693739596
0.5006595253944397, 0.706736147403717, 0.4191627788553391, 1728047802724829693
-0.23833894729614258, 0.31353098154067993, 0.3882457615253695, 1728047802755309106
-0.019519567489624023, 0.38717663288116455, 0.39907576563577246, 1728047802785868087
-0.6448687314987183, 0.39490485191345215, 0.3792762304575901, 1728047802818010694
-0.4773699641227722, 0.8430235981941223, 0.4451904587771749, 1728047802845115952
0.08269107341766357, 0.8211262822151184, 0.41054220736877256, 1728047802874952151
0.2158997654914856, -0.6584757566452026, 0.3725897521852739, 1728047802897418369
0.31191104650497437, 0.26357561349868774, 0.45750119110851334, 1728047802935049920
0.5829319357872009, 0.47511738538742065, 0.4093484285749389, 1728047802965106917
0.15763980150222778, 0.09102606773376465, 0.40150495752360177, 1728047802995345117
-0.4530678987503052, -0.03600281476974487, 0.38610443548942386, 1728047803026903475
0.29012441635131836, -0.1642475128173828, 0.3694338962381878, 1728047803057969069
-0.033496856689453125, 0.08908951282501221, 0.4140777813436951, 1728047803085466774
0.31583869457244873, 0.9796862602233887, 0.4174470385791011, 1728047803115351491
-0.07679498195648193, -0.6833309531211853, 0.41916823895226735, 1728047803145404586
-0.10392779111862183, -0.6367952227592468, 0.4307950005755121, 1728047803175679653
0.26162785291671753, 0.3209923505783081, 0.46601604804725066, 1728047803205521764
0.03472548723220825, 0.2981345057487488, 0.45464638673821917, 1728047803235564988
0.32449954748153687, -0.0018579959869384766, 0.4280129830465494, 1728047803267380598
0.06286293268203735, -0.347345232963562, 0.42285877312626635, 1728047803298849880
-0.09874927997589111, -0.05448329448699951, 0.44131233931914815, 1728047803326102799
-0.07737123966217041, 0.45351099967956543, 0.3733083725414421, 1728047803355706073
-0.09692561626434326, 0.6577771902084351, 0.3051619651396985, 1728047803378831151
-0.31481730937957764, 0.28131788969039917, 0.38902404712003585, 1728047803415844621
-0.3045497536659241, 0.3726515769958496, 0.3932618029303858, 1728047803445953105
-0.33178603649139404, 0.04514336585998535, 0.3969249259705434, 1728047803475974429
-0.12664270401000977, 0.668878436088562, 0.39709293999383083, 1728047803507187635
0.5236069560050964, 0.661587655544281, 0.42582364261476635, 1728047803538954205
-0.22006309032440186, 0.3367103338241577, 0.5104573339160646, 1728047803566122097
-0.4753124713897705, -0.22239422798156738, 0.4264733272378935, 1728047803596140621
0.6090734004974365, 0.4778069853782654, 0.43221004379991834, 1728047803626123555
-0.018213391304016113, 1.104052186012268, 0.4181628525755996, 1728047803655170483
-0.40194249153137207, 0.3496208190917969, 0.3891751202314646, 1728047803686242740
-0.2189149260520935, 0.0004457831382751465, 0.4228267589737054, 1728047803716219938
0.07830667495727539, 0.3644856810569763, 0.413645751321174, 1728047803746907851
-0.021462202072143555, 0.5888314843177795, 0.3906958526770222, 1728047803779896052
-0.6059927344322205, 0.04360651969909668, 0.4751460740051917, 1728047803806444841
-0.22281426191329956, 0.1577390432357788, 0.43761939764862773, 1728047803836424499
-0.013099133968353271, 0.6217326521873474, 0.43138301842083926, 1728047803866439148
-0.35095053911209106, 0.8432596325874329, 0.403598112653383, 1728047803896502139
0.37483036518096924, 0.4600088596343994, 0.43782304402765876, 1728047803926548538
0.22033041715621948, -0.3252204656600952, 0.40025783188617936, 1728047803956669436
-0.008654534816741943, 0.33125144243240356, 0.37132168282846567, 1728047803986930957
0.2389776110649109, 0.8081871271133423, 0.3776429922274958, 1728047804019039750
0.44008350372314453, -0.055917322635650635, 0.44826380139969507, 1728047804046830042
-0.4111088514328003, -0.2021099328994751, 0.407173776843762, 1728047804076780256
0.4747692942619324, -0.2714706063270569, 0.404620937360466, 1728047804106831097
0.10712689161300659, 0.30801767110824585, 0.39415174346876214, 1728047804137003178
-0.11858755350112915, 0.13011521100997925, 0.4221761442533419, 1728047804166917906
-0.38139188289642334, -0.5672770738601685, 0.40946722576019406, 1728047804197030407
0.2532902956008911, 0.242936372756958, 0.41759318009088037, 1728047804226723746
-0.09783416986465454, 0.31679171323776245, 0.41881280970960566, 1728047804258850628
-0.21434587240219116, -0.4193865656852722, 0.4580686680743828, 1728047804287146137
0.11666202545166016, -0.229381263256073, 0.43029515772899396, 1728047804317192859
0.33882981538772583, 0.5066971778869629, 0.4267480819197733, 1728047804347135417
-0.4444347023963928, -0.246795654296875, 0.37060158853555614, 1728047804377205465
-0.04287064075469971, -0.17584705352783203, 0.38048301838286575, 1728047804406218699
0.07885777950286865, 0.005713760852813721, 0.37911518268667443, 1728047804437286226
-0.26316899061203003, 0.4353102445602417, 0.3891705960311248, 1728047804467327999
-0.24827510118484497, 0.3583601713180542, 0.37195754914676465, 1728047804498906034
-0.36703920364379883, -0.2585632801055908, 0.40655493809112486, 1728047804530180607
-0.36565518379211426, -0.44795405864715576, 0.47662573760627, 1728047804557768716
0.10284441709518433, 0.20155107975006104, 0.4396996274160495, 1728047804587796496
-0.17007595300674438, 0.0797344446182251, 0.4341330744860704, 1728047804617568044
-0.37107300758361816, -0.05150723457336426, 0.4171484958496912, 1728047804647654377
0.3063091039657593, 0.016985654830932617, 0.4018426279877955, 1728047804677810840
-0.2149115800857544, 0.4997022747993469, 0.40335504258413446, 1728047804707689158
0.26792269945144653, 0.23932242393493652, 0.38037742221791104, 1728047804739402951
-0.46226954460144043, -0.15706026554107666, 0.3793818397530342, 1728047804771126556
-0.2260109782218933, 0.4482068419456482, 0.43254765262713246, 1728047804798533839
0.4506714344024658, 0.42557966709136963, 0.43435152404645516, 1728047804828517938
-0.05209457874298096, -0.284879207611084, 0.42802948094363896, 1728047804857733038
-0.47346174716949463, -0.418826699256897, 0.37976933700800825, 1728047804888714999
0.12206578254699707, 1.1440972089767456, 0.40882668060214383, 1728047804918957539
-0.31741195917129517, 0.3559677004814148, 0.43490317915602916, 1728047804948562883
-0.009809017181396484, 0.17456310987472534, 0.4102820824143572, 1728047804978940243
0.5351033210754395, -0.23387408256530762, 0.36466842686631246, 1728047805011417259
0.21132183074951172, 0.4259040951728821, 0.4532023227368452, 1728047805038521073
0.6286914348602295, 0.7732424736022949, 0.4408560431769547, 1728047805068208063
0.1253904104232788, 0.11449927091598511, 0.3623663236751995, 1728047805091131504
-0.3890894651412964, 0.47679227590560913, 0.4691653465128739, 1728047805117369825
-0.31963062286376953, -0.2847380042076111, 0.4168406864662233, 1728047805148346154
-0.9696264266967773, -0.3678818941116333, 0.41782711463370703, 1728047805178491573
-0.832973301410675, 0.3765870928764343, 0.4149395193553181, 1728047805208380569
-1.5659711360931396, 0.6740506887435913, 0.3559038772620567, 1728047805238494419
-0.44906359910964966, -0.2886204719543457, 0.3158795933297457, 1728047805268519890
-0.8520309329032898, -0.600092351436615, 0.24891741837512665, 1728047805299264777
-1.2179354429244995, 0.4103214740753174, 0.20624317848750792, 1728047805331424294
-0.07576107978820801, 0.21426230669021606, 0.2076937528996822, 1728047805358682298
2.3376686573028564, 0.37499386072158813, 0.20820019486407026, 1728047805388679177
1.2702676057815552, -0.2135937213897705, 0.31828955850151897, 1728047805417758696
1.4335814714431763, -0.21204107999801636, 0.3117682962367842, 1728047805448887253
1.308287501335144, 0.1135796308517456, 0.34680026792695534, 1728047805479008992
0.8273906707763672, -0.28256404399871826, 0.34970673014735704, 1728047805508838158
0.932170033454895, -0.08819699287414551, 0.357303973436289, 1728047805538990130
0.49823814630508423, 0.011248588562011719, 0.32040558992302814, 1728047805571939649
-1.6321113109588623, -0.24184173345565796, 0.38376420863595456, 1728047805599244465
0.18272417783737183, -0.30036604404449463, 0.42064056076504747, 1728047805629049668
-0.23669898509979248, 0.1704983115196228, 0.4181368907991035, 1728047805659302682
-0.23745191097259521, 0.4255515933036804, 0.40292317464956806, 1728047805689139138
0.41546934843063354, 0.5979345440864563, 0.4783231738051383, 1728047805719333803
-0.5569804906845093, -0.5308406352996826, 0.5001213193493017, 1728047805749304268
0.13779795169830322, -0.28909188508987427, 0.42677160318929114, 1728047805779429589
-0.02325451374053955, 0.5310186147689819, 0.37100379435700553, 1728047805811156224
-0.12744951248168945, 0.051970481872558594, 0.37241669477904993, 1728047805841952403
-0.19762569665908813, 0.20025986433029175, 0.4397506301465612, 1728047805869464056
0.18820887804031372, 1.1661196947097778, 0.3776789097780332, 1728047805899434245
0.01371610164642334, 0.37693023681640625, 0.3833408523296866, 1728047805929455437
-0.0931658148765564, 0.015421807765960693, 0.4164923346948016, 1728047805959845479
0.20451515913009644, 0.2963549494743347, 0.4224869984501974, 1728047805989678341
-0.41526132822036743, 0.6130115389823914, 0.4003026232732789, 1728047806019998341
-0.4788641929626465, 0.3347925543785095, 0.40746433780969515, 1728047806051337204
0.010888993740081787, 0.2020968794822693, 0.40502022104655855, 1728047806083033160
-0.259066104888916, 0.6276198029518127, 0.4463858952757851, 1728047806109884057
0.383975625038147, 0.271093487739563, 0.39856149969583843, 1728047806139856340
0.24989646673202515, -0.5138161182403564, 0.3451779975116295, 1728047806162988859
-0.017287373542785645, 0.01584857702255249, 0.4233679920409502, 1728047806199876599
0.45120394229888916, 0.5493180155754089, 0.411531486727037, 1728047806230062530
-0.3204588294029236, 0.17855876684188843, 0.43506093961883713, 1728047806259983043
-0.3922896385192871, 0.20769953727722168, 0.42895240964114495, 1728047806291588914
-0.055251240730285645, -0.2725621461868286, 0.41935719095397406, 1728047806323508539
-0.20691341161727905, 0.3437443971633911, 0.5086655282254442, 1728047806349432335
0.7561606764793396, 0.6919003129005432, 0.45212336558771826, 1728047806380177715
0.10165649652481079, -0.800371527671814, 0.3465481282923496, 1728047806403234820
-0.3667159080505371, -0.3301493525505066, 0.3986313826679132, 1728047806440207698
0.4229429364204407, 0.7018689513206482, 0.4064044454034153, 1728047806460386405
0.2827404737472534, -0.2436850666999817, 0.41781142650846986, 1728047806499528907
-0.43234962224960327, -0.3202251195907593, 0.3606436965657405, 1728047806531600563
-0.009119629859924316, -0.02187967300415039, 0.38739149688159075, 1728047806563522167
-0.5291258096694946, 0.08513134717941284, 0.4510384296568738, 1728047806600405110
0.12972915172576904, 0.2082868218421936, 0.40466194950901746, 1728047806630780724
0.07264852523803711, 0.3259820342063904, 0.42385541571667734, 1728047806660546191
-0.12409943342208862, 0.2921726703643799, 0.41578476489287947, 1728047806691525245
0.9688727259635925, -0.2007123827934265, 0.4102888461048577, 1728047806723409485
-0.3427686095237732, 0.21324902772903442, 0.4517868566868043, 1728047806750807401
0.4968376159667969, -0.09927612543106079, 0.44614851594964844, 1728047806780674960
0.13554441928863525, -0.2184513807296753, 0.4248156291148226, 1728047806810760253
-0.08744460344314575, 0.08562487363815308, 0.3965538123593803, 1728047806840870260
-0.20101839303970337, 0.11713093519210815, 0.389242340514548, 1728047806870855403
-0.13093072175979614, -0.49374181032180786, 0.3826443670303829, 1728047806900892119
-0.4559304714202881, -0.5901429653167725, 0.39648599153868186, 1728047806931259830
0.7647034525871277, 0.6040430068969727, 0.391516640498233, 1728047806963195893
0.010324239730834961, -0.16710799932479858, 0.4282908879057481, 1728047806993497060
0.37342166900634766, 0.37280774116516113, 0.48164609107531975, 1728047807031157533
-0.2097359299659729, 0.1990048885345459, 0.42805267643818257, 1728047807061355489
0.12467873096466064, -0.5706916451454163, 0.4509351381670713, 1728047807091263125
0.6729816198348999, -0.4318820834159851, 0.3986679760066992, 1728047807123111330
-0.4075431823730469, -0.14215898513793945, 0.3607209346987948, 1728047807153930997
0.29312169551849365, -0.0886278748512268, 0.43319706834901034, 1728047807181362040
0.019096016883850098, -0.001361072063446045, 0.3999691877381423, 1728047807211436255
-0.26503586769104004, 0.4817350506782532, 0.379053596000801, 1728047807241576457
-0.2361164093017578, 0.168948233127594, 0.4057224634692598, 1728047807271432193
0.19909065961837769, -0.17552292346954346, 0.4485278758280396, 1728047807301472074
0.27628636360168457, -0.09174376726150513, 0.46411471127464815, 1728047807331544516
-0.33985579013824463, 0.09884345531463623, 0.40738098745168666, 1728047807363931012
-1.2258962392807007, -0.30682408809661865, 0.3941101726336285, 1728047807394834931
-1.496124505996704, -0.597220242023468, 0.4192139083557211, 1728047807421877844
-1.1041934490203857, 0.8378916382789612, 0.34392257578541574, 1728047807451699416
-1.025646448135376, -0.928742527961731, 0.2563473389730927, 1728047807474974911
-0.6459776163101196, -1.4359616041183472, 0.30059348195123764, 1728047807511787780
-0.8031884431838989, -0.01240551471710205, 0.2554340315351005, 1728047807541947808
-0.403334379196167, 1.1695425510406494, 0.2132577411402488, 1728047807571922360
-1.1644264459609985, -0.41271692514419556, 0.17042278028128036, 1728047807603441079
-0.7609193325042725, -0.7042146921157837, 0.16538550258373144, 1728047807635065963
-1.009130835533142, 0.4277385473251343, 0.17707367727968024, 1728047807662060963
-0.8695421814918518, 0.15288329124450684, 0.12177967050707339, 1728047807702373268
-0.43816184997558594, -0.004529178142547607, 0.09008066918776299, 1728047807732344095
0.20608490705490112, -0.39448022842407227, 0.039556736641130776, 1728047807763112875
2.0530455112457275, 0.0991784930229187, 0.05523898983625281, 1728047807795113440
0.7673721313476562, 0.5490292906761169, 0.17941806714584574, 1728047807822306403
1.4016087055206299, -0.0017164349555969238, 0.2338608635558327, 1728047807852339213
1.0365828275680542, -0.1905205249786377, 0.2017746382785085, 1728047807875517666
1.1322276592254639, 0.2214025855064392, 0.27771954492052014, 1728047807901838370
0.7886006832122803, 0.1909874677658081, 0.26059736355748125, 1728047807931614982
0.9337279200553894, -0.15346181392669678, 0.29666123034062725, 1728047807961424147
-0.20394206047058105, -0.4609917402267456, 0.3246769625215164, 1728047807992490706
0.827762246131897, 0.9192659854888916, 0.35357250167409465, 1728047808022564139
1.069715976715088, 0.9660478830337524, 0.3644820245516264, 1728047808052645387
1.1549221277236938, -0.2870524525642395, 0.3344541753860533, 1728047808083292966
0.5156997442245483, -0.5753100514411926, 0.36293718086896115, 1728047808115094579
0.5227758884429932, 0.5856534838676453, 0.4327308255448927, 1728047808142890548
0.01815962791442871, 0.2561340928077698, 0.37355569259942456, 1728047808171756336
-0.881482720375061, 0.020273327827453613, 0.3571267635176946, 1728047808202850423
0.22106319665908813, 0.7458333969116211, 0.3651360427338335, 1728047808232851458
-0.7402727007865906, 0.7358539700508118, 0.3714798967005618, 1728047808262932644
-0.0714154839515686, -0.08998638391494751, 0.3749514855553419, 1728047808292958879
0.14154785871505737, -0.05572468042373657, 0.42145548689753193, 1728047808323655815
0.1133875846862793, 0.5133351683616638, 0.41543796661404536, 1728047808355128422
0.42643553018569946, 0.6938021779060364, 0.4906776477295234, 1728047808383151312
0.5845413208007812, -0.38510972261428833, 0.45896814752114407, 1728047808413806950
0.21652984619140625, 0.07187008857727051, 0.4684467759702797, 1728047808442723873
0.004064023494720459, -0.15779376029968262, 0.425604930472141, 1728047808472751702
-0.398609459400177, -0.09721434116363525, 0.38208653009732074, 1728047808503944123
0.1658538579940796, -0.06684404611587524, 0.3938477197987384, 1728047808533805042
0.25550127029418945, -0.22778356075286865, 0.44599878347565025, 1728047808563810272
-0.6510570049285889, -0.10440653562545776, 0.3855002808981845, 1728047808595536302
0.2015659213066101, -0.36994612216949463, 0.3864143404558144, 1728047808626384651
-0.2587537169456482, -0.3621169328689575, 0.4503030075934934, 1728047808663815399
-1.692955493927002, -0.16377860307693481, 0.3893938275059479, 1728047808693784598
-0.4336897134780884, -0.12327390909194946, 0.3748154988326731, 1728047808723844343
-0.3482011556625366, -0.9480695128440857, 0.32034471706786266, 1728047808755296362
1.9717110395431519, 0.6172957420349121, 0.28589140643956484, 1728047808786696392
0.6374728083610535, 1.1710602045059204, 0.3665682557740028, 1728047808823877742
0.7733754515647888, 1.0299559831619263, 0.3231430212329983, 1728047808853943585
0.09098315238952637, -0.6897677183151245, 0.32313817612935836, 1728047808884019776
0.7934865951538086, 0.3375466465950012, 0.33289618864067866, 1728047808915257146
-1.7985962629318237, 0.4438760280609131, 0.3301545439263598, 1728047808947404255
-0.16594183444976807, -0.2817068099975586, 0.46228440174480917, 1728047808974178549
-1.4050735235214233, -0.8151510953903198, 0.41487089212038725, 1728047809004466009
0.2253711223602295, 0.776063859462738, 0.3817183218277364, 1728047809027680734
0.5438932776451111, -0.2422400712966919, 0.5470933503581239, 1728047809054169671
0.03822040557861328, 0.0783652663230896, 0.48283064344244064, 1728047809084246443
0.07153546810150146, -0.0746644139289856, 0.36879720955010153, 1728047809107533224
-0.10267657041549683, 0.4839250445365906, 0.4375309328855585, 1728047809144523414
0.08384990692138672, -0.644984781742096, 0.3979221291977821, 1728047809174204713
0.03639417886734009, 0.006342947483062744, 0.40110290344938104, 1728047809204291715
-0.8275787830352783, 1.1781089305877686, 0.38017914209700626, 1728047809235174868
-0.08620762825012207, 0.04121387004852295, 0.35790675239365255, 1728047809267444602
-2.1100053787231445, -0.2757038474082947, 0.4486742087909258, 1728047809294712704
-0.6120203137397766, -0.5640206933021545, 0.41501252565042834, 1728047809324469151
-0.4144101142883301, 0.15189552307128906, 0.3361917924861917, 1728047809354613239
1.9381026029586792, 1.0318711996078491, 0.3113469242017758, 1728047809384574767
1.4274415969848633, 0.4142807722091675, 0.3577385552380473, 1728047809414559281
0.49866408109664917, -0.5940196514129639, 0.30415891105317683, 1728047809444627179
0.12084603309631348, -0.5207441449165344, 0.3236238571189446, 1728047809475612184
0.9121869206428528, 0.47483718395233154, 0.3756744835018323, 1728047809507330795
-0.1675446629524231, 0.26437193155288696, 0.427697555977486, 1728047809534809323
-1.5442231893539429, 0.6026281714439392, 0.39934523463651694, 1728047809564791367
0.46315979957580566, -0.40795451402664185, 0.45561496363237036, 1728047809594805853
-0.35215550661087036, -0.3411805033683777, 0.4347286107168209, 1728047809624877668
-0.7021448016166687, 0.14181643724441528, 0.3934867994784481, 1728047809654893514
1.0755904912948608, -0.1560654640197754, 0.36467618924253514, 1728047809684955030
-0.16099649667739868, 0.06289327144622803, 0.37729514397066266, 1728047809715497341
0.713169276714325, 0.15813058614730835, 0.39601402840390737, 1728047809747114747
-0.11072957515716553, -0.27921783924102783, 0.4517655842622197, 1728047809775225057
0.009019732475280762, -0.15891122817993164, 0.4207685909721428, 1728047809805329418
-0.17161118984222412, 0.7089659571647644, 0.4370229019006011, 1728047809835198038
0.10443758964538574, 0.48140382766723633, 0.3649867612414058, 1728047809857997440
0.08947020769119263, -0.04244649410247803, 0.4459767486572559, 1728047809885346036
0.02074456214904785, 0.08326858282089233, 0.40424041679157907, 1728047809915473682
0.009925603866577148, 0.9706680178642273, 0.39355044118777055, 1728047809945446167
-1.0219202041625977, 0.4873066544532776, 0.3605123299370512, 1728047809975688548
-1.8991105556488037, -0.22037017345428467, 0.40739939364555555, 1728047810005637732
-1.216589331626892, 0.5554909110069275, 0.40236363652075463, 1728047810035536025
-0.8242359757423401, 0.05339932441711426, 0.298003174354144, 1728047810067319732
-1.5715255737304688, -0.4598008990287781, 0.27090191085129073, 1728047810098450061
-0.8676034808158875, 0.21875596046447754, 0.277949763843074, 1728047810135623772
0.4562656283378601, 0.14332234859466553, 0.23204561462601228, 1728047810165694888
1.6816749572753906, -0.00419241189956665, 0.24249729027974773, 1728047810194794074
1.3349579572677612, 0.200797438621521, 0.2578498187848254, 1728047810227214893
0.9472008943557739, -0.35282546281814575, 0.2751911328887081, 1728047810259317185
1.0772085189819336, -0.3596401810646057, 0.4099527200509482, 1728047810285967655
1.2836068868637085, 0.7043368220329285, 0.36167948746797607, 1728047810315955893
0.20324283838272095, 0.17555660009384155, 0.32413187548126027, 1728047810345960845
0.24195736646652222, -0.02115863561630249, 0.3577568387812673, 1728047810376053662
-1.8517545461654663, 0.3297420144081116, 0.39660121068961224, 1728047810406015723
0.2155369520187378, -0.17295724153518677, 0.4502373723575375, 1728047810436018828
-0.8419835567474365, 0.4277767539024353, 0.42658316997278345, 1728047810467530399
0.0719527006149292, -0.08361804485321045, 0.3825354138020584, 1728047810499912618
-0.12772780656814575, 0.7411501407623291, 0.5040523227896982, 1728047810526375924
1.0331274271011353, 0.5281170010566711, 0.41615573422533414, 1728047810566267925
0.1976640820503235, -0.11953490972518921, 0.39913863567364816, 1728047810596334074
-0.0683860182762146, -0.13738960027694702, 0.40751912858932177, 1728047810626790323
0.07441937923431396, 0.5764893889427185, 0.372725036070161, 1728047810659433093
-0.28354936838150024, 0.2517091631889343, 0.44117220259260875, 1728047810686573680
-0.11111241579055786, 0.045151352882385254, 0.4135234479361646, 1728047810716491389
-0.292652428150177, 0.45196712017059326, 0.39498813330195615, 1728047810746601719
-2.1161842346191406, -0.25632840394973755, 0.37761989635794324, 1728047810777044088
-0.7185370326042175, 0.623386561870575, 0.41830461345536385, 1728047810806680191
-1.9196248054504395, -0.060170650482177734, 0.35519646269699745, 1728047810836646669
-0.20776736736297607, -0.347129762172699, 0.30261390664940757, 1728047810867305541
-0.9669812917709351, -0.43899017572402954, 0.2550438047081598, 1728047810899263042
-0.7031266093254089, 0.17015403509140015, 0.2686886460188311, 1728047810926833109
-0.10415840148925781, 0.5432056188583374, 0.23680396214284258, 1728047810956806084
2.2054243087768555, -0.15755629539489746, 0.21307938649547187, 1728047810986875621
0.7524614930152893, -0.46673351526260376, 0.28028586862180593, 1728047811016883902
1.1071813106536865, -0.039986252784729004, 0.3126475359349661, 1728047811046959421
0.7724106311798096, -0.2201363444328308, 0.3683171809089622, 1728047811077186964
0.7357641458511353, 0.0005741715431213379, 0.4036432497551664, 1728047811107280222
0.6750978827476501, 0.9746941328048706, 0.3655530724744393, 1728047811139928698
0.10612726211547852, 0.3628138303756714, 0.40977363349277646, 1728047811167498045
-0.318567156791687, -0.04438298940658569, 0.38774268158462505, 1728047811197277665
-1.6752643585205078, 0.738277018070221, 0.4157842778982462, 1728047811227200540
0.5972537398338318, 0.13591521978378296, 0.46956257132899454, 1728047811257583652
-0.9067798256874084, 0.06309306621551514, 0.42759329675856156, 1728047811287354459
0.21051472425460815, 0.3619346022605896, 0.37479916943972036, 1728047811317328238
0.30332815647125244, 1.1298065185546875, 0.38178564787432945, 1728047811347400262
-0.8269569873809814, 0.3646477460861206, 0.35288148941834835, 1728047811379330224
0.6998315453529358, -0.2808583974838257, 0.41000187711304353, 1728047811406806288
0.20755738019943237, 0.49878543615341187, 0.3546312914549501, 1728047811437643975
-0.4406505823135376, 0.8471658229827881, 0.36118768707193044, 1728047811467566832
0.03874391317367554, 0.25338685512542725, 0.4049309628200042, 1728047811496600915
-0.6379647850990295, -0.31803327798843384, 0.42857796337148174, 1728047811527695335
0.5334280729293823, 0.16812419891357422, 0.4610924989108116, 1728047811557798893
-0.0758017897605896, 0.43360817432403564, 0.45673449284327033, 1728047811587764133
0.6610651016235352, -0.012740850448608398, 0.45686750870022774, 1728047811619551426
-0.263791024684906, -0.5492328405380249, 0.4056225843283416, 1728047811650359960
0.09708601236343384, 0.5552623271942139, 0.4140712921748845, 1728047811678196994
0.6864391565322876, 0.19181543588638306, 0.4231666783395624, 1728047811707959977
-0.10938376188278198, 0.06561017036437988, 0.4080468516795526, 1728047811738069285
0.0001703500747680664, -0.32900506258010864, 0.38100654237675863, 1728047811768044348
0.554140567779541, 0.48197078704833984, 0.41392222761316577, 1728047811798324096
0.24851852655410767, 0.5389298796653748, 0.43466971655688585, 1728047811828156882
-0.18633848428726196, 0.11088097095489502, 0.41098656061159455, 1728047811859576473
-0.49313634634017944, -0.7597371339797974, 0.39677108557155233, 1728047811891559097
-0.1508910059928894, -0.023749709129333496, 0.47972409739180105, 1728047811918914476
0.6708599328994751, 0.3751724362373352, 0.43841931103379583, 1728047811948933536
0.09929448366165161, -0.12710464000701904, 0.3903110183431138, 1728047811979004475
-0.05736362934112549, -0.7770357131958008, 0.384955843440373, 1728047812009091914
0.027615606784820557, -0.1459450125694275, 0.4169028956681861, 1728047812039167243
-0.10774475336074829, 0.3120584487915039, 0.4115483613292271, 1728047812068440015
0.32792067527770996, -0.2104942798614502, 0.39828543904093355, 1728047812099632411
0.048168957233428955, -0.10580235719680786, 0.41270861355386823, 1728047812131858300
-0.2141374945640564, 0.2593211531639099, 0.49390343352484495, 1728047812158662111
-0.11894571781158447, 0.40354621410369873, 0.4327488669608892, 1728047812187654023
-0.5551217198371887, -0.18587011098861694, 0.39627546635749594, 1728047812218711448
0.04222160577774048, 0.39713186025619507, 0.4104254236198305, 1728047812248704835
-0.04423564672470093, 0.7715061902999878, 0.39572635734819, 1728047812278785732
-0.054318010807037354, -0.23669785261154175, 0.39585838362734715, 1728047812308994745
-0.09305518865585327, -0.26269030570983887, 0.42373126729056815, 1728047812339382178
0.011271238327026367, 1.5996659994125366, 0.3858092978971707, 1728047812371797875
0.1132667064666748, 0.6141198873519897, 0.4394648599799304, 1728047812399071270
-0.49583184719085693, -0.16076189279556274, 0.4284568463992245, 1728047812429009529
-0.20114535093307495, 0.1744731068611145, 0.4202206677240387, 1728047812459204946
0.032673656940460205, 0.7753891348838806, 0.41350950522150154, 1728047812489071360
-0.12157660722732544, 1.0317707061767578, 0.4243968115542318, 1728047812519231507
-0.7349246740341187, 0.35598301887512207, 0.41161552902481074, 1728047812550225434
-0.1472882628440857, 0.7179846167564392, 0.42880970129723267, 1728047812580100850
-0.07540428638458252, 0.7525448799133301, 0.4141533022023526, 1728047812611479512
-0.14058423042297363, 0.751630425453186, 0.45043998639282756, 1728047812639317895
-0.13047677278518677, 0.41609305143356323, 0.41786708184310273, 1728047812669553236
-0.30053257942199707, 0.4746996760368347, 0.4112389350988402, 1728047812699390387
-0.6667696833610535, 0.6533586978912354, 0.3779574065303843, 1728047812729386981
0.18619096279144287, 0.4314812421798706, 0.3951390117513823, 1728047812759549211
-0.042444050312042236, -0.009482502937316895, 0.39283049874239395, 1728047812789526444
-0.35540807247161865, -0.2383316159248352, 0.382567135891333, 1728047812819560287
0.14976781606674194, 1.1436153650283813, 0.41237701159891715, 1728047812851988450
0.14790016412734985, 0.2317216396331787, 0.4309615298062378, 1728047812882162224
-0.3724592924118042, -0.23334866762161255, 0.4540236154242537, 1728047812908736636
0.22369247674942017, -0.523071825504303, 0.4266948327649765, 1728047812939776197
-0.016613304615020752, -0.18186670541763306, 0.4127389354013782, 1728047812962211521
0.03473484516143799, 0.43468713760375977, 0.4385612081928732, 1728047812999834386
-0.04852694272994995, -0.1181950569152832, 0.3954494784187019, 1728047813029983357
0.1829206347465515, -0.7839063405990601, 0.4089084927608565, 1728047813059981700
0.783311665058136, 0.16764432191848755, 0.38856230631817446, 1728047813092190709
-0.3367342948913574, -0.05740541219711304, 0.39200123071398985, 1728047813123045980
0.05537092685699463, -0.2944684624671936, 0.485916892221106, 1728047813150109346
0.05400115251541138, -0.09208911657333374, 0.4852536652653238, 1728047813180111786
-0.15193325281143188, 0.5607615113258362, 0.4250650695815318, 1728047813210216691
-0.36987507343292236, -0.2811284065246582, 0.4010683654416124, 1728047813240178473
-0.004352271556854248, 0.261666476726532, 0.39692730328553516, 1728047813270172503
-0.3201058506965637, 0.8287877440452576, 0.38079712204649635, 1728047813300264137
0.05245929956436157, 0.23957538604736328, 0.34850949100378026, 1728047813331621331
-0.3208121657371521, -0.36975008249282837, 0.3515097421541363, 1728047813363686374
0.03241819143295288, 0.4032600522041321, 0.4586363900431571, 1728047813390467228
-0.3210930824279785, 1.414663314819336, 0.42463724933442326, 1728047813420508653
-0.3503015637397766, 0.1750841736793518, 0.35252383590781056, 1728047813443713225
-0.17594027519226074, 0.32087892293930054, 0.47487721953295314, 1728047813480493057
-0.31401097774505615, 0.13869547843933105, 0.42558101765864625, 1728047813510652776
-0.13431966304779053, 0.29021668434143066, 0.42542376537274396, 1728047813540611616
0.0862303376197815, 0.38091158866882324, 0.4311808018420076, 1728047813571945115
-0.27702784538269043, 0.21216315031051636, 0.3878189149890715, 1728047813604190303
-0.16926860809326172, 0.3023964762687683, 0.4852582584468998, 1728047813629779708
-0.025236546993255615, 0.5181305408477783, 0.44580999270140403, 1728047813659766996
-0.05646061897277832, 0.06395751237869263, 0.4160211107651574, 1728047813700872781
-0.285298228263855, 0.2281772494316101, 0.392728364980622, 1728047813732031858
0.06779694557189941, -0.3764950633049011, 0.3868992820494496, 1728047813763820094
-0.2836393713951111, 0.2395559549331665, 0.4477581972287525, 1728047813791075955
0.26431918144226074, 0.9627262353897095, 0.38962523744761773, 1728047813821010051
-0.24472129344940186, -0.021818816661834717, 0.38445610002455677, 1728047813851264059
0.07084816694259644, 0.26126790046691895, 0.4021235823938068, 1728047813881174665
0.10964125394821167, 0.7588620185852051, 0.42139954551049214, 1728047813911159631
-0.2972661256790161, 0.38026344776153564, 0.4207293183734018, 1728047813941261091
-0.1371951699256897, 0.19837534427642822, 0.411442800549392, 1728047813971845379
0.7644087672233582, 0.27936822175979614, 0.41498178756018816, 1728047814002747511
-0.30554622411727905, 1.0072920322418213, 0.4130458848862826, 1728047814031419371
-0.4956226348876953, -0.01969146728515625, 0.3775250195948136, 1728047814061378827
-0.1436554193496704, -0.13514119386672974, 0.42646934687567595, 1728047814091383799
-0.48732227087020874, 0.024547040462493896, 0.37406385388216623, 1728047814114053151
0.33129191398620605, 0.42520904541015625, 0.44625963097368315, 1728047814151526108
-0.15856492519378662, -0.2359558343887329, 0.4378340003479118, 1728047814181517786
0.29734909534454346, 0.13518208265304565, 0.4450294207936037, 1728047814211821107
0.2201213240623474, 0.4081738591194153, 0.40098755180665435, 1728047814243914664
0.2254123091697693, -0.025143861770629883, 0.42305868479633274, 1728047814274618734
-0.11077648401260376, -0.6115208864212036, 0.47348028302489825, 1728047814302092765
-0.1938478946685791, -0.34959274530410767, 0.3923789095308214, 1728047814331958223
-0.47199976444244385, -0.03666466474533081, 0.318809787291464, 1728047814354316757
0.6176339983940125, 0.8981059193611145, 0.3870919276409728, 1728047814391859610
-0.6930643320083618, -0.03033357858657837, 0.36800209631185676, 1728047814421926444
0.5292299389839172, -0.6825932264328003, 0.3797584971739622, 1728047814451996106
0.2586119771003723, -0.32987672090530396, 0.40378958071171317, 1728047814483496098
-0.31712424755096436, 0.04476076364517212, 0.37597783624496217, 1728047814515503150
0.0775180459022522, -0.1905273199081421, 0.43888308337166093, 1728047814542302972
0.08255088329315186, -0.2053188681602478, 0.3994227017582016, 1728047814572113699
-0.21714162826538086, 0.32142722606658936, 0.39458585268739005, 1728047814602168759
0.029365360736846924, -0.13147777318954468, 0.411652440478487, 1728047814632234049
-0.3632052540779114, -0.03202509880065918, 0.4298198800692024, 1728047814662378574
0.3779789209365845, 0.21310830116271973, 0.41860452322225, 1728047814692377585
-0.0837664008140564, 0.16327327489852905, 0.42830810476072545, 1728047814723797507
-0.08109784126281738, -0.20471829175949097, 0.38106359192827155, 1728047814756085122
-0.458990216255188, -0.288505494594574, 0.45727851934109265, 1728047814782446180
0.3989027142524719, 1.0640034675598145, 0.41790930140181304, 1728047814812465827
-0.12194722890853882, -0.07104730606079102, 0.34905126352440213, 1728047814835659568
-0.05425769090652466, 0.4323076605796814, 0.4454296943279586, 1728047814862885512
0.6349248886108398, 0.18454492092132568, 0.4455690465233437, 1728047814892779927
-0.7144492864608765, -0.2841724157333374, 0.4326882686613492, 1728047814922656418
-0.1758086085319519, -0.2519146203994751, 0.42427888197435826, 1728047814952675962
-0.19286572933197021, -0.2832435369491577, 0.40487835069138595, 1728047814982846046
-1.4056371450424194, 0.006695270538330078, 0.42436666632928594, 1728047815012829112
-1.2144805192947388, 0.2616237998008728, 0.3846058980386638, 1728047815043632497
-0.800256609916687, 0.7293545007705688, 0.3090166935202819, 1728047815076107962
-1.148179292678833, -0.03997170925140381, 0.3175253238619657, 1728047815102943074
-0.5917947888374329, -1.1735199689865112, 0.25394844266934213, 1728047815133109593
-0.16583901643753052, 0.9043110013008118, 0.22136964074786072, 1728047815155607252
2.675966262817383, 0.573874831199646, 0.22911151842027574, 1728047815193363110
0.881181538105011, 0.009869754314422607, 0.25902702646453185, 1728047815223171885
0.5921894311904907, 0.07025760412216187, 0.3369984327779262, 1728047815253182615
0.9622190594673157, 1.391112208366394, 0.3824301382396656, 1728047815283652511
1.0818828344345093, -0.2461259961128235, 0.33628280388994775, 1728047815315877618
0.21632176637649536, 0.15484094619750977, 0.4090786698982888, 1728047815343385249
-0.7635504007339478, 1.1236261129379272, 0.3600042963570066, 1728047815373437203
0.013589441776275635, 0.46120041608810425, 0.35714949213348707, 1728047815404020503
-0.5645380020141602, 0.5892435312271118, 0.37021015119094675, 1728047815434065441
-0.028453826904296875, -0.21461236476898193, 0.381320929492615, 1728047815464129326
-0.26076704263687134, 0.06604808568954468, 0.4212284435358794, 1728047815494069661
-0.1034802794456482, 1.5733275413513184, 0.4490686562838367, 1728047815524167883
0.04285162687301636, -0.053412675857543945, 0.4260275212562239, 1728047815555638672
-0.222495436668396, -0.217972993850708, 0.43017983907494084, 1728047815585686445
0.5592905282974243, 0.4253472685813904, 0.48137483657199415, 1728047815614222308
-0.005792498588562012, 0.3337506055831909, 0.4352359743186172, 1728047815644143137
-0.33146679401397705, 0.0857287049293518, 0.37495634234784403, 1728047815666551549
-0.12223678827285767, -0.15194934606552124, 0.4807925547374388, 1728047815694216560
-0.15358388423919678, -0.1894984245300293, 0.47431127809290874, 1728047815724135518
-0.12902545928955078, 0.9251731634140015, 0.4307475818286569, 1728047815745420649
0.03000277280807495, 0.544892430305481, 0.40514748261253614, 1728047815784192813
-0.40491771697998047, -0.0618823766708374, 0.3662147763024857, 1728047815814281230
-0.10483235120773315, 0.09987550973892212, 0.36979121694826156, 1728047815844257239
0.3007560968399048, 0.8738744258880615, 0.36665480537094247, 1728047815875941195
-0.0423009991645813, 0.4142879843711853, 0.38639689484924655, 1728047815907144418
-0.16664665937423706, 0.09974491596221924, 0.46703005746084275, 1728047815934324008
-0.27281445264816284, 0.8962506055831909, 0.4249688921604981, 1728047815964568479
-0.3596436381340027, 0.37592899799346924, 0.411932430749103, 1728047815994386750
0.5125900506973267, 0.6050431728363037, 0.43213753969511687, 1728047816024481511
-0.26052117347717285, 0.0933842658996582, 0.4208462936895085, 1728047816054631564
-0.3695066571235657, 0.0348362922668457, 0.40354311245669267, 1728047816084557965
0.2841240167617798, -0.17320048809051514, 0.4212789172898953, 1728047816115576118
-0.1870916485786438, 0.8434421420097351, 0.41062914203160034, 1728047816147560589
-0.06231379508972168, 0.5314414501190186, 0.4845062857346593, 1728047816173838615
-0.5937322974205017, -0.011675477027893066, 0.411245203709434, 1728047816204485663
0.21863991022109985, -0.0672311782836914, 0.35469234085304635, 1728047816228383252
-0.17362534999847412, 0.12327343225479126, 0.467476835057198, 1728047816254681971
0.09280979633331299, -0.6305569410324097, 0.3794290216016683, 1728047816284605806
0.3343846797943115, -0.46275103092193604, 0.40548004573620977, 1728047816314855299
0.033296048641204834, 0.42744410037994385, 0.4312100837310427, 1728047816343858293
-0.5937632322311401, -0.12548679113388062, 0.3623802008779161, 1728047816374708669
-1.5299086570739746, -0.21034133434295654, 0.38443697851539493, 1728047816404785966
-1.5378514528274536, 0.9887933731079102, 0.36110789590138176, 1728047816436137222
-0.8707902431488037, 0.8845802545547485, 0.33336703944681584, 1728047816466740144
-0.9156058430671692, -0.5711748003959656, 0.3029574635601232, 1728047816494927459
-0.7168035507202148, -0.35290443897247314, 0.2427675627677524, 1728047816534942860
-1.1674597263336182, -0.5084459781646729, 0.21727947358595529, 1728047816565059521
-0.5517389178276062, 0.3277864456176758, 0.19986558111687777, 1728047816595586368
-0.9062570929527283, 0.27028995752334595, 0.15766505892357233, 1728047816627615636
-0.06984078884124756, -0.3248809576034546, 0.133970596908041, 1728047816655490538
2.5229532718658447, -0.021859288215637207, 0.13481399379837497, 1728047816685226543
0.7634862065315247, 0.5072432160377502, 0.18744844166495828, 1728047816715634376
1.1978986263275146, 0.3385182023048401, 0.2633088843108749, 1728047816745315870
0.8542026281356812, -0.528631329536438, 0.3069836704116505, 1728047816775348965
1.0235239267349243, 0.0459141731262207, 0.3232870125571119, 1728047816805497978
1.2025549411773682, 0.08425992727279663, 0.3458354553542202, 1728047816835567142
0.9438381791114807, -0.5109665989875793, 0.3395991448145992, 1728047816868331128
-0.2749024033546448, -0.13437187671661377, 0.433823443029042, 1728047816895653387
0.821373701095581, 0.3883955478668213, 0.44326485489129147, 1728047816925559072
0.45496731996536255, 0.07189136743545532, 0.4307323672349511, 1728047816954800732
-0.728631854057312, -0.36043858528137207, 0.3731861921007088, 1728047816984823580
0.3651759624481201, 0.7898643612861633, 0.35797837099896546, 1728047817015674474
-0.07917749881744385, 0.08010697364807129, 0.38307600276509474, 1728047817045698971
-0.30150097608566284, -0.47452789545059204, 0.3647222713417123, 1728047817075821788
-0.2762044668197632, -0.5030064582824707, 0.3847584185252517, 1728047817107948814
-0.08293968439102173, 0.11163854598999023, 0.4602727412978623, 1728047817138311641
0.4743432402610779, 0.854330837726593, 0.5090175282640858, 1728047817165100055
-0.20244264602661133, -0.4402889013290405, 0.4250745782928966, 1728047817195927324
-0.10656726360321045, -0.30193138122558594, 0.45031686679601945, 1728047817226061982
-0.08175796270370483, 0.6010764837265015, 0.4204098603992919, 1728047817256145140
-0.22845542430877686, 0.11438912153244019, 0.37579404009614076, 1728047817286282758
0.45904648303985596, 0.182356595993042, 0.39399328815510337, 1728047817316192640
-0.12641412019729614, 0.18466633558273315, 0.399739263433186, 1728047817347964952
-0.4149603247642517, 0.41218894720077515, 0.38106481908629114, 1728047817379474677
0.2733580470085144, -0.10044848918914795, 0.44926236763887106, 1728047817406373414
-0.06447255611419678, 0.2893673777580261, 0.41169936382296696, 1728047817436399635
-0.2851530909538269, 0.35513895750045776, 0.33915121798486664, 1728047817460027370
-0.3030480146408081, 0.6288385391235352, 0.44112112340812204, 1728047817496427494
-0.4048447012901306, -0.37967610359191895, 0.41141244936937277, 1728047817526457256
-0.2266060709953308, 0.47609710693359375, 0.40728367586831404, 1728047817556577872
0.5736554861068726, 1.0088363885879517, 0.41648684725095675, 1728047817587581267
0.13507449626922607, 0.18897593021392822, 0.4077345673704132, 1728047817619554346
0.26875805854797363, -0.47994089126586914, 0.48331433273780705, 1728047817646714888
-0.0034253597259521484, 0.09177374839782715, 0.41022756745317385, 1728047817676698052
-0.3165661692619324, 0.6173980832099915, 0.4059958302477026, 1728047817706713967
0.1428227424621582, 0.1808905005455017, 0.46709039736337515, 1728047817735722203
0.40204817056655884, -0.6469694375991821, 0.41980499130699434, 1728047817766782045
-0.46855926513671875, 0.07443892955780029, 0.3940120790624709, 1728047817796852775
-0.0390811562538147, -0.07628828287124634, 0.40346866674705595, 1728047817828187861
-0.044815659523010254, -0.5307004451751709, 0.38875185926098765, 1728047817859639098
-0.1663074493408203, 0.18272274732589722, 0.4294772060021568, 1728047817887265218
0.5420458316802979, 0.28439950942993164, 0.4336949324155606, 1728047817916999603
0.1475825309753418, 0.2645986080169678, 0.42189886785707026, 1728047817947055675
0.3929904103279114, 0.0466577410697937, 0.408659437380392, 1728047817977107556
-0.056771278381347656, -0.6771107316017151, 0.39285832511380114, 1728047818007115269
0.09354186058044434, -0.11858481168746948, 0.38671800131159617, 1728047818037173439
-0.050453364849090576, 0.5632885694503784, 0.3804116097912815, 1728047818067956525
0.08743435144424438, 0.18978703022003174, 0.3762799381254467, 1728047818098740580
-0.3221537470817566, -0.746992826461792, 0.41934385660868745, 1728047818127441233
0.6305533647537231, -0.010178685188293457, 0.44819006524704086, 1728047818157433506
-0.3516899347305298, 0.08572971820831299, 0.459723849148972, 1728047818187455345
0.1318919062614441, 0.28134000301361084, 0.4506649556986774, 1728047818217449653
-0.05591762065887451, -0.23204374313354492, 0.46125334732462087, 1728047818247538247
0.4412406086921692, 0.20546573400497437, 0.44868964706475917, 1728047818277539822
-0.27858173847198486, 0.42405229806900024, 0.4086713204988865, 1728047818307615790
-0.16200292110443115, -0.2530782222747803, 0.3486596889883209, 1728047818340586495
-0.23040133714675903, 0.29330796003341675, 0.4367159598403461, 1728047818367771347
0.18401837348937988, 1.0039142370224, 0.3797543586662116, 1728047818397831267
-0.13491863012313843, -0.43777841329574585, 0.377933341806689, 1728047818426754436
-0.25740331411361694, -0.23875951766967773, 0.3959035270783195, 1728047818457861295
0.31434565782546997, 1.5601980686187744, 0.43245519999416154, 1728047818487818932
-0.5989382266998291, 0.6020683646202087, 0.40067496983788614, 1728047818518057253
-0.10458493232727051, 0.13688570261001587, 0.4196771391397937, 1728047818547910659
-0.12667983770370483, -0.023872435092926025, 0.4288286742886913, 1728047818578669457
0.13400804996490479, 0.8550679087638855, 0.4093519667685012, 1728047818608974573
0.15702128410339355, 0.8499501347541809, 0.4103878609242322, 1728047818638051578
-0.0366860032081604, -0.07367098331451416, 0.39863378994021886, 1728047818668065364
0.1041339635848999, 0.06492030620574951, 0.4029249247712558, 1728047818698342681
0.15512710809707642, 0.5639339685440063, 0.4176300546401846, 1728047818728236428
-0.23303258419036865, 0.4577850103378296, 0.4202934998202618, 1728047818758524548
-0.05939537286758423, 0.5780279040336609, 0.4372776642697221, 1728047818788410625
-0.2820502519607544, 0.15879422426223755, 0.41982240650186403, 1728047818819695213
-0.46899181604385376, 0.38620609045028687, 0.3985754433596404, 1728047818850898708
-0.09944570064544678, 0.8368871808052063, 0.4615421964444528, 1728047818878420277
-0.3020460605621338, -0.2478427290916443, 0.42314731585467125, 1728047818908476064
-0.00481259822845459, -0.16277146339416504, 0.4038094599559852, 1728047818938627581
0.6488474011421204, 0.9786831140518188, 0.4369990655308795, 1728047818969220602
0.23459362983703613, 0.24696117639541626, 0.40521724028158396, 1728047818999277534
-0.38761448860168457, -0.1756877899169922, 0.3862020497529255, 1728047819029289018
0.563610315322876, -0.4026867747306824, 0.41286768456485895, 1728047819058726479
0.521982729434967, 0.007760345935821533, 0.3613732078833316, 1728047819091816808
-0.08921945095062256, 0.6354802250862122, 0.40688294627380295, 1728047819119434740
-0.233659565448761, -0.6349411010742188, 0.3847438604414314, 1728047819149308765
-0.16123932600021362, -0.13714981079101562, 0.40678504184346725, 1728047819179367631
0.22513437271118164, 0.2723773121833801, 0.44765588966122344, 1728047819208862594
-0.20413273572921753, -0.4472838044166565, 0.43546501313236896, 1728047819238913574
0.26950740814208984, -0.14977997541427612, 0.4488137525220221, 1728047819268957489
