odom_x, odom_y, odom_th, stamp, 
1.6044046878814697, 2.6043264865875244, 1.6363940246072206, 1732894587794375951, 
1.6044046878814697, 2.6043264865875244, 1.6363941920884844, 1732894587844333831, 
1.6044046878814697, 2.6043264865875244, 1.6363940378592996, 1732894587992109771, 
1.6044046878814697, 2.6043264865875244, 1.6363940452022845, 1732894588034147586, 
1.6044046878814697, 2.6043264865875244, 1.6363942449260052, 1732894588102183018, 
1.6044046878814697, 2.6043264865875244, 1.63639426237674, 1732894588152199312, 
1.6044046878814697, 2.6043264865875244, 1.6363942641073672, 1732894588194127115, 
1.6044046878814697, 2.6043264865875244, 1.6363941139528586, 1732894588244131479, 
1.6044046878814697, 2.6043264865875244, 1.6363937862853488, 1732894588296061431, 
1.6044046878814697, 2.6043264865875244, 1.6363938352171756, 1732894588343264671, 
1.6044046878814697, 2.6043264865875244, 1.6363940361323286, 1732894588435331581, 
1.6044046878814697, 2.6043264865875244, 1.6363938976071521, 1732894588504509322, 
1.6044046878814697, 2.6043264865875244, 1.6363937269530229, 1732894588594277729, 
1.6044046878814697, 2.6043264865875244, 1.6363933794265708, 1732894588645142880, 
1.6044046878814697, 2.6043264865875244, 1.6363935315749174, 1732894588804881227, 
1.6044046878814697, 2.6043264865875244, 1.636393529923928, 1732894588904116115, 
1.6044046878814697, 2.6043264865875244, 1.6363935342975007, 1732894588994247547, 
1.6044046878814697, 2.6043264865875244, 1.6363937081424247, 1732894589045268990, 
1.6044046878814697, 2.6043264865875244, 1.6363935681942743, 1732894589204842927, 
1.6044046878814697, 2.6043264865875244, 1.6363935681942743, 1732894589234157932, 
1.6044046878814697, 2.6043264865875244, 1.6363935681942743, 1732894589394367959, 
1.6044046878814697, 2.6043264865875244, 1.6363935681942743, 1732894589444120722, 
1.6044046878814697, 2.6043264865875244, 1.6363935681942743, 1732894589544040030, 
1.6044046878814697, 2.6043264865875244, 1.6363930524717567, 1732894589704313766, 
1.6044046878814697, 2.6043264865875244, 1.6363930524717567, 1732894589793789090, 
1.6044046878814697, 2.6043264865875244, 1.6363930524717567, 1732894589843772218, 
1.6044046878814697, 2.6043264865875244, 1.6363930524717567, 1732894590004416226, 
1.6044046878814697, 2.6043264865875244, 1.6363930524717567, 1732894590103800463, 
1.6044046878814697, 2.6043264865875244, 1.6363930524717567, 1732894590195314462, 
1.6044046878814697, 2.6043264865875244, 1.6363930524717567, 1732894590244489646, 
1.6044046878814697, 2.6043264865875244, 1.6363930524717567, 1732894590344162754, 
1.6044046878814697, 2.6043264865875244, 1.6363930524717567, 1732894590504217600, 
1.6044046878814697, 2.6043264865875244, 1.6363930524717567, 1732894590555212485, 
1.6044046878814697, 2.6043264865875244, 1.6363930524717567, 1732894590644171156, 
1.6044046878814697, 2.6043264865875244, 1.6363935847561824, 1732894590739091806, 
1.6044046878814697, 2.6043264865875244, 1.6363937973148974, 1732894590899343174, 
1.6044046878814697, 2.6043264865875244, 1.636393851514309, 1732894590999184271, 
1.6044046878814697, 2.6043264865875244, 1.6363940491845161, 1732894591048924000, 
1.6044046878814697, 2.6043264865875244, 1.636394240871005, 1732894591139315747, 
1.6044046878814697, 2.6043264865875244, 1.6363944521637988, 1732894591239489831, 
1.6044046878814697, 2.6043264865875244, 1.6363941202146661, 1732894591350242565, 
1.6044046878814697, 2.6043264865875244, 1.6363939459723986, 1732894591444190363, 
1.6044046878814697, 2.6043264865875244, 1.6363941049734883, 1732894591545317294, 
1.6044046878814697, 2.6043264865875244, 1.6363939136558971, 1732894591705369424, 
1.6044046878814697, 2.6043264865875244, 1.6363939284450733, 1732894591750606981, 
1.6044046878814697, 2.6043264865875244, 1.6363943865033563, 1732894592054339726, 
1.6044046878814697, 2.6043264865875244, 1.6363941072642971, 1732894592083947081, 
1.6044046878814697, 2.6043264865875244, 1.6363941526362984, 1732894592194572209, 
1.6044046878814697, 2.6043264865875244, 1.6363941777159998, 1732894592244248947, 
1.6044046878814697, 2.6043264865875244, 1.636394242622217, 1732894592342184609, 
1.6044046878814697, 2.6043264865875244, 1.6363942881912343, 1732894592433870538, 
1.6044046878814697, 2.6043264865875244, 1.636394334818299, 1732894592594195002, 
1.6044046878814697, 2.6043264865875244, 1.636394327742868, 1732894592645227353, 
1.6045392751693726, 2.6053810119628906, 1.6246416033773732, 1732894592743370191, 
1.6045631170272827, 2.608837127685547, 1.5485979226900475, 1732894592836521892, 
1.6052051782608032, 2.6156439781188965, 1.3840657761537303, 1732894592953185799, 
1.6072075366973877, 2.623159646987915, 1.2039551469136365, 1732894593045188760, 
1.6108689308166504, 2.6311187744140625, 1.004620236502991, 1732894593144353720, 
1.61475670337677, 2.6367671489715576, 0.833028041437514, 1732894593235069382, 
1.6240984201431274, 2.644719123840332, 0.5262792301702521, 1732894593395210807, 
1.6278748512268066, 2.646476984024048, 0.43201453444588284, 1732894593445215143, 
1.6357035636901855, 2.6491312980651855, 0.23981535911436677, 1732894593544446970, 
1.642425298690796, 2.650784969329834, 0.06414590309997688, 1732894593635413596, 
1.6563698053359985, 2.649728775024414, -0.22826411495549032, 1732894593795609557, 
1.6610875129699707, 2.6486337184906006, -0.3115963011851734, 1732894593846225949, 
1.670192837715149, 2.644678831100464, -0.465477697166422, 1732894593944203355, 
1.6812525987625122, 2.637831449508667, -0.698641300899035, 1732894594084767806, 
1.6860209703445435, 2.6335761547088623, -0.8154736026133141, 1732894594155530298, 
1.6915957927703857, 2.6271302700042725, -0.9460617346182504, 1732894594244249083, 
1.6977088451385498, 2.6177146434783936, -1.0613114478911891, 1732894594344458246, 
1.7056266069412231, 2.6002113819122314, -1.2592563753647068, 1732894594504485150, 
1.7078216075897217, 2.5936295986175537, -1.3229703735407765, 1732894594594674733, 
1.7087435722351074, 2.589198112487793, -1.3600111630943963, 1732894594644416557, 
1.7117283344268799, 2.57416033744812, -1.440306050505107, 1732894594803858811, 
1.712854027748108, 2.564821481704712, -1.4590421764921486, 1732894594904669956, 
1.713851809501648, 2.556138038635254, -1.4857730364501143, 1732894594995246412, 
1.7141796350479126, 2.5511484146118164, -1.499607727422502, 1732894595044254240, 
1.7156070470809937, 2.535355567932129, -1.497044844091218, 1732894595204156694, 
1.7158021926879883, 2.5323712825775146, -1.487160933187756, 1732894595233830314, 
1.7167850732803345, 2.520432949066162, -1.4553169878223722, 1732894595355391104, 
1.7185698747634888, 2.506791353225708, -1.4154031035982846, 1732894595494195653, 
1.7192987203598022, 2.5018415451049805, -1.399990715277394, 1732894595544208980, 
1.7208375930786133, 2.493152618408203, -1.3706682466580566, 1732894595634842981, 
1.7243021726608276, 2.477548360824585, -1.3165857505223963, 1732894595795260466, 
1.7254682779312134, 2.4727096557617188, -1.2985696254143293, 1732894595845367688, 
1.7282023429870605, 2.4630894660949707, -1.2651055354686256, 1732894595944257572, 
1.731768012046814, 2.452723979949951, -1.2256365841835881, 1732894596054887991, 
1.7364650964736938, 2.4401824474334717, -1.194079983178822, 1732894596195393936, 
1.7402315139770508, 2.4310948848724365, -1.1786631517235593, 1732894596294250219, 
1.7423948049545288, 2.4264490604400635, -1.1691838289596646, 1732894596346256242, 
1.7480154037475586, 2.413546085357666, -1.1445285730375574, 1732894596484888200, 
1.7524265050888062, 2.4039177894592285, -1.1280016179811159, 1732894596595335433, 
1.754729986190796, 2.3993563652038574, -1.1192289483202944, 1732894596644389836, 
1.761062741279602, 2.3862788677215576, -1.1024070719542822, 1732894596797875980, 
1.7661470174789429, 2.376490831375122, -1.0931006757382404, 1732894596902945064, 
1.770354986190796, 2.368222951889038, -1.0886104400538195, 1732894596995452534, 
1.7727677822113037, 2.3636319637298584, -1.0907590008137318, 1732894597045283173, 
1.777097463607788, 2.3550286293029785, -1.0974976720580216, 1732894597143260429, 
1.7839436531066895, 2.341801643371582, -1.1185414008239989, 1732894597302983919, 
1.7878286838531494, 2.33359956741333, -1.1275935261529482, 1732894597396403607, 
1.7899013757705688, 2.329089403152466, -1.1333119503793692, 1732894597446284842, 
1.7940970659255981, 2.3202736377716064, -1.1459512078825551, 1732894597544484763, 
1.8005837202072144, 2.306126117706299, -1.169441312494516, 1732894597704448626, 
1.8038320541381836, 2.298295497894287, -1.1815259282259036, 1732894597794788281, 
1.8057643175125122, 2.293555974960327, -1.1879374321034313, 1732894597845279255, 
1.8097264766693115, 2.2840354442596436, -1.2071167082100758, 1732894597945546864, 
1.8144906759262085, 2.271439790725708, -1.2443084799164141, 1732894598085260437, 
1.8176664113998413, 2.261129140853882, -1.273293752682538, 1732894598195509976, 
1.8192379474639893, 2.256423234939575, -1.287371631576566, 1732894598246547290, 
1.8217580318450928, 2.2470924854278564, -1.3141686907173487, 1732894598345414582, 
1.8241082429885864, 2.2383625507354736, -1.3395936727655418, 1732894598435527837, 
1.8275439739227295, 2.223423480987549, -1.3884035109162156, 1732894598594815737, 
1.8283746242523193, 2.218630790710449, -1.40278971165744, 1732894598645161474, 
1.8299320936203003, 2.2092366218566895, -1.4341531558578353, 1732894598744444725, 
1.8315808773040771, 2.1941723823547363, -1.4801518806775635, 1732894598904271073, 
1.8320050239562988, 2.1917405128479004, -1.4917384641758498, 1732894598995434352, 
1.832109808921814, 2.1920149326324463, -1.4917384641758498, 1732894599045171021, 
1.8320345878601074, 2.190298557281494, -1.499744953956447, 1732894599145320631, 
1.832499623298645, 2.1806561946868896, -1.5260150172839086, 1732894599236283620, 
1.8327690362930298, 2.164401054382324, -1.5770446874111863, 1732894599396304864, 
1.8328229188919067, 2.159686326980591, -1.590114028917699, 1732894599444941751, 
1.832509160041809, 2.149806022644043, -1.6166146738522538, 1732894599545323556, 
1.8315695524215698, 2.134706497192383, -1.6473315418123853, 1732894599701454170, 
1.8309913873672485, 2.1252946853637695, -1.6634725273142201, 1732894599799436869, 
1.830315351486206, 2.1202845573425293, -1.6722282705976648, 1732894599850330529, 
1.8296072483062744, 2.1117334365844727, -1.6879801606215976, 1732894599940332936, 
1.828334093093872, 2.1023900508880615, -1.6972598657540092, 1732894600034867524, 
1.8261325359344482, 2.0864803791046143, -1.7088581334242152, 1732894600195331879, 
1.8249706029891968, 2.0772247314453125, -1.7143438533731792, 1732894600295273124, 
1.8236467838287354, 2.068042516708374, -1.72131560625617, 1732894600391520148, 
1.8228223323822021, 2.061739921569824, -1.7262483132304718, 1732894600455227310, 
1.8206562995910645, 2.0478146076202393, -1.73388146264604, 1732894600594980996, 
1.819960117340088, 2.0428719520568848, -1.7182604070340737, 1732894600645356336, 
1.8186472654342651, 2.0333452224731445, -1.6743735403174098, 1732894600745301539, 
1.817521572113037, 2.019500732421875, -1.6174357657694798, 1732894600885179373, 
1.8172420263290405, 2.008582592010498, -1.576989682818798, 1732894600994667848, 
1.817299485206604, 2.0039424896240234, -1.5607745488650628, 1732894601045354788, 
1.81740403175354, 1.9941757917404175, -1.5304249824591665, 1732894601142352590, 
1.8183505535125732, 1.9788135290145874, -1.4795743491468563, 1732894601301010751, 
1.8186941146850586, 1.9755833148956299, -1.467854106500802, 1732894601335364793, 
1.8199211359024048, 1.964791178703308, -1.432620110954313, 1732894601445366912, 
1.8214106559753418, 1.9552255868911743, -1.4031258800206268, 1732894601543345264, 
1.8240326642990112, 1.9406301975250244, -1.3717179997717996, 1732894601685514195, 
1.8259963989257812, 1.930551290512085, -1.3548683307945686, 1732894601795870278, 
1.827048420906067, 1.92583429813385, -1.3484773640141616, 1732894601846493136, 
1.8303898572921753, 1.9111100435256958, -1.3215169246126244, 1732894601994827017, 
1.8324496746063232, 1.9024744033813477, -1.3047686277485875, 1732894602086209166, 
1.8335716724395752, 1.8983551263809204, -1.2977599229622712, 1732894602194778342, 
1.833457589149475, 1.8984237909317017, -1.296965122933615, 1732894602245461820, 
1.8342617750167847, 1.895935297012329, -1.2981389242352677, 1732894602345370671, 
1.838629126548767, 1.8803691864013672, -1.2941137911756353, 1732894602484842509, 
1.8400791883468628, 1.8756190538406372, -1.2906905063548417, 1732894602535605112, 
1.8427684307098389, 1.8657506704330444, -1.2983511676701047, 1732894602646508697, 
1.845450758934021, 1.8564473390579224, -1.3102254144144374, 1732894602745630244, 
1.8488045930862427, 1.843160629272461, -1.3218727579579954, 1732894602885810880, 
1.850698471069336, 1.8364464044570923, -1.327020000589488, 1732894602954668552, 
1.852524757385254, 1.828000545501709, -1.3354771629695603, 1732894603044976234, 
1.8549021482467651, 1.818725347518921, -1.3461046153774623, 1732894603144871920, 
1.8578405380249023, 1.80517578125, -1.3610626142277389, 1732894603285112675, 
1.859464406967163, 1.7982035875320435, -1.3697215912719516, 1732894603355380943, 
1.8613356351852417, 1.7896175384521484, -1.3824223928706796, 1732894603445114501, 
1.8640459775924683, 1.7756273746490479, -1.406919323857373, 1732894603594703946, 
1.8657346963882446, 1.7646005153656006, -1.4226968947670895, 1732894603706045115, 
1.8667683601379395, 1.7595714330673218, -1.4311443327260647, 1732894603756545832, 
1.8677150011062622, 1.7514286041259766, -1.4435328273433992, 1732894603844674081, 
1.8689355850219727, 1.7416831254959106, -1.459290672078187, 1732894603945407114, 
1.8701071739196777, 1.733007550239563, -1.476339640218529, 1732894604035177800, 
1.8714696168899536, 1.7175196409225464, -1.5023766305746586, 1732894604195051967, 
1.8717615604400635, 1.712650179862976, -1.5107560463026983, 1732894604245423447, 
1.8723682165145874, 1.7028632164001465, -1.525360835297961, 1732894604345481897, 
1.8728359937667847, 1.689389944076538, -1.5462951326763517, 1732894604485445256, 
1.8732109069824219, 1.6784733533859253, -1.563971283977102, 1732894604595537654, 
1.8732576370239258, 1.6686432361602783, -1.5791036129237601, 1732894604695387058, 
1.8731812238693237, 1.6638190746307373, -1.5851731295751577, 1732894604745396879, 
1.8731002807617188, 1.6549783945083618, -1.597813436950401, 1732894604834803138, 
1.8726391792297363, 1.6393665075302124, -1.6215578819992502, 1732894604995452991, 
1.8721206188201904, 1.6296175718307495, -1.6354310304835131, 1732894605095514666, 
1.8715357780456543, 1.6204301118850708, -1.6513107853061104, 1732894605191569036, 
1.8713234663009644, 1.6169886589050293, -1.6545057470380533, 1732894605286233118, 
1.8714836835861206, 1.6177059412002563, -1.6547520680829877, 1732894605396404356, 
1.8713901042938232, 1.6176048517227173, -1.6536249661318052, 1732894605495353066, 
1.8713722229003906, 1.617608904838562, -1.6535433876249548, 1732894605546431869, 
1.8713654279708862, 1.6175696849822998, -1.6533134049646168, 1732894605701792762, 
1.8710592985153198, 1.6116266250610352, -1.6330014685199783, 1732894605795448763, 
1.870370626449585, 1.5999929904937744, -1.6065233909324381, 1732894605895318897, 
1.8702466487884521, 1.59547758102417, -1.5908281628832672, 1732894605943426814, 
1.8700625896453857, 1.5867735147476196, -1.560086878109113, 1732894606035576960, 
1.8707293272018433, 1.5715233087539673, -1.4811313202855474, 1732894606195524934, 
1.871062994003296, 1.5666075944900513, -1.4557200616657804, 1732894606245434757, 
1.8721519708633423, 1.557227611541748, -1.4068477263993249, 1732894606344583338, 
1.8746919631958008, 1.543535828590393, -1.3323406896182777, 1732894606486996833, 
1.8771042823791504, 1.5335115194320679, -1.2783107620861522, 1732894606595442525, 
1.8799960613250732, 1.524247169494629, -1.2245257490346666, 1732894606695613224, 
1.881536602973938, 1.5197081565856934, -1.1992901274609558, 1732894606744800203, 
1.886345624923706, 1.5073623657226562, -1.1291119080873782, 1732894606885775027, 
1.8908143043518066, 1.497624158859253, -1.0711976532333474, 1732894606994669001, 
1.8931384086608887, 1.4933271408081055, -1.0467987728187427, 1732894607046621639, 
1.897863745689392, 1.4850605726242065, -0.9968218420118204, 1732894607145451365, 
1.9053592681884766, 1.4736086130142212, -0.9242436287877156, 1732894607286263900, 
1.9118363857269287, 1.4648854732513428, -0.8697464114812122, 1732894607396001823, 
1.9149584770202637, 1.4613434076309204, -0.8453063786773635, 1732894607445067959, 
1.9181181192398071, 1.4578020572662354, -0.820581496080408, 1732894607495630760, 
1.9273320436477661, 1.4480249881744385, -0.7482706201477445, 1732894607635966122, 
1.9358612298965454, 1.4402844905853271, -0.6883495239403987, 1732894607754950592, 
1.9387439489364624, 1.4379609823226929, -0.6680547253382952, 1732894607795106436, 
1.9464088678359985, 1.4317452907562256, -0.6163148582530487, 1732894607896410380, 
1.9633351564407349, 1.4208756685256958, -0.5113029651556839, 1732894608105579602, 
1.9708062410354614, 1.4166268110275269, -0.46567532397507905, 1732894608196453141, 
1.9794803857803345, 1.4124302864074707, -0.41647222428153907, 1732894608295425137, 
1.9839744567871094, 1.4104936122894287, -0.3901769648117712, 1732894608345454152, 
1.9965920448303223, 1.4054731130599976, -0.3195045522285089, 1732894608489220638, 
2.006767988204956, 1.4022475481033325, -0.2638117180694815, 1732894608599618085, 
2.0111985206604004, 1.4008797407150269, -0.2374857462610959, 1732894608649469458, 
2.0198771953582764, 1.3988276720046997, -0.19237043961275802, 1732894608740483299, 
2.02934193611145, 1.3970463275909424, -0.14148456403485143, 1732894608839859648, 
2.0445797443389893, 1.3951654434204102, -0.06127869499732687, 1732894609000113915, 
2.0534627437591553, 1.3947640657424927, -0.01601970789470247, 1732894609090422680, 
2.058211326599121, 1.3946815729141235, 0.008626415564903673, 1732894609140473674, 
2.071824550628662, 1.395017385482788, 0.08002466414614057, 1732894609285633224, 
2.082233190536499, 1.3960661888122559, 0.13496926480097154, 1732894609395494937, 
2.091484308242798, 1.3972866535186768, 0.1852318039830356, 1732894609494742848, 
2.0963921546936035, 1.398116946220398, 0.211227426852983, 1732894609546504891, 
2.1093568801879883, 1.4012062549591064, 0.2835077622602959, 1732894609685142706, 
2.1196448802948, 1.404154658317566, 0.3380862649565179, 1732894609795742777, 
2.1240034103393555, 1.4054235219955444, 0.36186138463886064, 1732894609895460463, 
2.1239702701568604, 1.4053266048431396, 0.3623426801283244, 1732894609947504521, 
2.123267650604248, 1.4050871133804321, 0.35889274800772086, 1732894610085148528, 
2.1232707500457764, 1.4050540924072266, 0.3590135041984504, 1732894610195128567, 
2.1232709884643555, 1.405053973197937, 0.3590154125047505, 1732894610295358804, 
2.1232657432556152, 1.4050569534301758, 0.35896957550739667, 1732894610343543662, 
2.1291520595550537, 1.4074426889419556, 0.3738900858510202, 1732894610486614786, 
2.1405959129333496, 1.412492275238037, 0.4032574170953634, 1732894610596128653, 
2.149264097213745, 1.4164127111434937, 0.4235914316057554, 1732894610697433212, 
2.1530699729919434, 1.4183871746063232, 0.4325633276401715, 1732894610744522533, 
2.166525363922119, 1.4249459505081177, 0.4617333368598717, 1732894610903874748, 
2.1746325492858887, 1.4289110898971558, 0.4800645093335152, 1732894610995436681, 
2.178546190261841, 1.431343913078308, 0.49107403209747086, 1732894611045755531, 
2.191417932510376, 1.439082145690918, 0.525573667779562, 1732894611206415598, 
2.195850372314453, 1.4416451454162598, 0.5364816074773427, 1732894611255325661, 
2.201785087585449, 1.4451091289520264, 0.5511634470523933, 1732894611395415946, 
2.2016446590423584, 1.4450563192367554, 0.5511634470523933, 1732894611446527272, 
2.203930139541626, 1.446462631225586, 0.5508991321654142, 1732894611545544890, 
2.2174930572509766, 1.4549469947814941, 0.5530779114263048, 1732894611686207145, 
2.225985527038574, 1.460304856300354, 0.5550938748701869, 1732894611795008397, 
2.2298662662506104, 1.462541937828064, 0.5433473744783979, 1732894611847043064, 
2.2379143238067627, 1.4668816328048706, 0.5195441429280636, 1732894611945616835, 
2.249452829360962, 1.4726817607879639, 0.49038444114473545, 1732894612084981964, 
2.258401870727539, 1.476912021636963, 0.46887985019133827, 1732894612196109991, 
2.2624690532684326, 1.4790749549865723, 0.4590626624590459, 1732894612244657895, 
2.270839214324951, 1.4826394319534302, 0.4371060229111241, 1732894612344838897, 
2.2797703742980957, 1.48641836643219, 0.41212429236530096, 1732894612455322172, 
2.291869878768921, 1.4910871982574463, 0.3788305847577399, 1732894612597536363, 
2.300466537475586, 1.493859052658081, 0.35494068239417925, 1732894612695487868, 
2.304818868637085, 1.4953259229660034, 0.341021386821322, 1732894612745556313, 
2.312596559524536, 1.4975818395614624, 0.3135659440171909, 1732894612837339431, 
2.318741798400879, 1.4992899894714355, 0.294344294853626, 1732894612905551819, 
2.3305823802948, 1.5019620656967163, 0.25216724389845524, 1732894613045546277, 
2.335237503051758, 1.5029312372207642, 0.23872422532268073, 1732894613095532233, 
2.347608804702759, 1.5051214694976807, 0.20158823902330245, 1732894613236593354, 
2.361701250076294, 1.5069345235824585, 0.16035872836525122, 1732894613396563791, 
2.3707776069641113, 1.5077544450759888, 0.13243332354781465, 1732894613496514914, 
2.3752925395965576, 1.5081262588500977, 0.12000911412057673, 1732894613545537194, 
2.382817029953003, 1.508571982383728, 0.09532261471266702, 1732894613706200141, 
2.382143974304199, 1.508562445640564, 0.09696174586950711, 1732894613796601154, 
2.382347822189331, 1.5084991455078125, 0.09730291449529335, 1732894613895511500, 
2.384627103805542, 1.5087217092514038, 0.0883686420720136, 1732894613945567966, 
2.393672227859497, 1.508735179901123, 0.06940343862189419, 1732894614036627112, 
2.4086575508117676, 1.5086179971694946, 0.034137800085682075, 1732894614195751138, 
2.4128336906433105, 1.5086688995361328, 0.024776787733829346, 1732894614246586302, 
2.421811819076538, 1.508459448814392, 0.007907036625008449, 1732894614346605194, 
2.4258933067321777, 1.5082199573516846, 0.0001443888690674973, 1732894614392609109, 
2.4443976879119873, 1.5072592496871948, -0.024924095148436992, 1732894614595859368, 
2.4487226009368896, 1.5068049430847168, -0.03133373968888692, 1732894614646587943, 
2.457406520843506, 1.5060093402862549, -0.04429464481880191, 1732894614743588709, 
2.4699513912200928, 1.5053071975708008, -0.04821615316241936, 1732894614886068710, 
2.4799702167510986, 1.5044970512390137, -0.05445634287144772, 1732894614996422330, 
2.4891364574432373, 1.5040719509124756, -0.06032768944663529, 1732894615096641639, 
2.4978926181793213, 1.5034761428833008, -0.06326049803219375, 1732894615194057288, 
2.508269786834717, 1.5025745630264282, -0.06587406902184559, 1732894615304429751, 
2.5168540477752686, 1.5018723011016846, -0.0671023626527149, 1732894615396693638, 
2.526057243347168, 1.5013649463653564, -0.06734143523023946, 1732894615498032507, 
2.5305166244506836, 1.5010578632354736, -0.06792273656835597, 1732894615545583312, 
2.5452346801757812, 1.5000308752059937, -0.062136506815128126, 1732894615706003868, 
2.5540363788604736, 1.499504566192627, -0.062343663999207585, 1732894615795858294, 
2.558629035949707, 1.4993515014648438, -0.060267726181398466, 1732894615846118989, 
2.567354679107666, 1.498894214630127, -0.054754949731928494, 1732894615945787286, 
2.5825881958007812, 1.4981374740600586, -0.047520800666253506, 1732894616106169828, 
2.5854132175445557, 1.4979971647262573, -0.04623596133424318, 1732894616135996140, 
2.5958104133605957, 1.4974554777145386, -0.04235284031047059, 1732894616247024454, 
2.6049673557281494, 1.4971320629119873, -0.03680962908461257, 1732894616346637363, 
2.6134402751922607, 1.4969052076339722, -0.0331789831578316, 1732894616436591554, 
2.6250967979431152, 1.4966650009155273, -0.027225466001784812, 1732894616556058265, 
2.6286494731903076, 1.496537208557129, -0.02526114430928001, 1732894616596236587, 
2.637709140777588, 1.4965933561325073, -0.020693531664584378, 1732894616695785480, 
2.6496641635894775, 1.4961366653442383, -0.012649752901642178, 1732894616855880939, 
2.6496074199676514, 1.4960649013519287, -0.011942585457265297, 1732894616996631785, 
2.6514453887939453, 1.4960888624191284, -0.004137927313531336, 1732894617045678376, 
2.6615285873413086, 1.4962302446365356, 0.024404657812530876, 1732894617146619203, 
2.6777572631835938, 1.496968150138855, 0.07057260140336796, 1732894617306029408, 
2.6861159801483154, 1.4975641965866089, 0.09996310269541456, 1732894617397326708, 
2.6953182220458984, 1.4987037181854248, 0.1359950553814979, 1732894617496596970, 
2.7001965045928955, 1.4992656707763672, 0.16234048611912424, 1732894617546630813, 
2.71323823928833, 1.5016435384750366, 0.23593290250599608, 1732894617685830148, 
2.7233903408050537, 1.5041799545288086, 0.2935825011657394, 1732894617796606023, 
2.732172727584839, 1.5069254636764526, 0.340348729094901, 1732894617892562729, 
2.7365825176239014, 1.508390188217163, 0.36591830712707923, 1732894617941559145, 
2.750077486038208, 1.5138674974441528, 0.442140851415195, 1732894618090818967, 
2.7593164443969727, 1.5183517932891846, 0.4966993209021619, 1732894618200707592, 
2.7668328285217285, 1.5224754810333252, 0.5427022804382772, 1732894618291578620, 
2.775456190109253, 1.527531385421753, 0.5888410279574565, 1732894618390618722, 
2.7828798294067383, 1.5327465534210205, 0.6294051265415529, 1732894618485862094, 
2.7909727096557617, 1.538785457611084, 0.6703959088294383, 1732894618596647148, 
2.7984976768493652, 1.5449869632720947, 0.7056379178791856, 1732894618696576069, 
2.802544593811035, 1.5484247207641602, 0.7142341711204546, 1732894618746580214, 
2.8085715770721436, 1.5539650917053223, 0.7219601577546197, 1732894618835748781, 
2.8193485736846924, 1.5638788938522339, 0.7368284323669202, 1732894618995736442, 
2.822716236114502, 1.567238688468933, 0.7423076235510216, 1732894619046626074, 
2.8293192386627197, 1.5737475156784058, 0.7522243263630821, 1732894619143617177, 
2.8352184295654297, 1.5797196626663208, 0.7578032894245761, 1732894619236519573, 
2.841683864593506, 1.5857709646224976, 0.7587003864872671, 1732894619336287224, 
2.8488986492156982, 1.5926494598388672, 0.7586469096215015, 1732894619445676627, 
2.855945587158203, 1.5991524457931519, 0.7614169516514773, 1732894619543799422, 
2.8665196895599365, 1.6093559265136719, 0.7623664949091606, 1732894619703964746, 
2.872899055480957, 1.6154327392578125, 0.7638783128731932, 1732894619796758719, 
2.8765175342559814, 1.6186282634735107, 0.7645275043917549, 1732894619846684563, 
2.8833534717559814, 1.62513267993927, 0.765335905809064, 1732894619944711242, 
2.89406156539917, 1.6354151964187622, 0.7668897299317967, 1732894620106569030, 
2.9003536701202393, 1.6412731409072876, 0.7683967192443432, 1732894620195786499, 
2.903683662414551, 1.6448472738265991, 0.7692519500194909, 1732894620246989812, 
2.9106736183166504, 1.6514980792999268, 0.7697915822245915, 1732894620345855010, 
2.921347141265869, 1.6615517139434814, 0.7696777094503028, 1732894620505765972, 
2.9274981021881104, 1.6675959825515747, 0.7707358840901156, 1732894620596045093, 
2.931195020675659, 1.6707308292388916, 0.7715209840968015, 1732894620647209926, 
2.938340187072754, 1.677316427230835, 0.7495962855770087, 1732894620746243493, 
2.9491794109344482, 1.6863579750061035, 0.6742922897496081, 1732894620905787011, 
2.9560704231262207, 1.6911956071853638, 0.639070034339758, 1732894620996153790, 
2.959726095199585, 1.693637490272522, 0.6181449266195408, 1732894621045894897, 
2.9675896167755127, 1.6989082098007202, 0.5751505332564453, 1732894621145846357, 
2.978659152984619, 1.7051724195480347, 0.5108499553400688, 1732894621285953531, 
2.9879372119903564, 1.7096831798553467, 0.45899489514369834, 1732894621396838023, 
2.996396541595459, 1.7133344411849976, 0.41156224636199523, 1732894621496643394, 
3.0046262741088867, 1.716282606124878, 0.3644202561120754, 1732894621595722589, 
3.014193296432495, 1.7191437482833862, 0.31128375247395473, 1732894621706522847, 
3.0218639373779297, 1.7213294506072998, 0.267816470886035, 1732894621796707334, 
3.030768632888794, 1.723233938217163, 0.22047222045335899, 1732894621895651379, 
3.0353806018829346, 1.7239711284637451, 0.1974752065933284, 1732894621945723229, 
3.0434093475341797, 1.7249571084976196, 0.15871120613812367, 1732894622036289268, 
3.0581061840057373, 1.7263609170913696, 0.0888447783976386, 1732894622196183032, 
3.067080497741699, 1.727156400680542, 0.0481299545750842, 1732894622295665329, 
3.0719661712646484, 1.7270777225494385, 0.03007538467441259, 1732894622345848107, 
3.086646556854248, 1.7265725135803223, -0.027016553074314463, 1732894622505826179, 
3.094620704650879, 1.7257616519927979, -0.058397887545254636, 1732894622595764641, 
3.1041719913482666, 1.7246241569519043, -0.09329047501042442, 1732894622695698139, 
3.108757495880127, 1.724039912223816, -0.11136490949627055, 1732894622745729018, 
3.1213741302490234, 1.7218682765960693, -0.14539989379978235, 1732894622886152552, 
3.1311440467834473, 1.7199913263320923, -0.16702881497282157, 1732894622995651448, 
3.140052556991577, 1.7181243896484375, -0.18395513411804829, 1732894623096041622, 
3.148526430130005, 1.7163039445877075, -0.19750228725975538, 1732894623191813699, 
3.157200336456299, 1.714177131652832, -0.2084258947855752, 1732894623285980339, 
3.166806221008301, 1.7119293212890625, -0.2181206788856686, 1732894623396473913, 
3.175607204437256, 1.709808588027954, -0.22666478052379418, 1732894623495725845, 
3.180100202560425, 1.7086468935012817, -0.231380635734462, 1732894623546749336, 
3.1928164958953857, 1.7053964138031006, -0.2457394341351372, 1732894623686090886, 
3.1961843967437744, 1.7045111656188965, -0.2510156154028452, 1732894623796313099, 
3.195709705352783, 1.704634666442871, -0.2500057854809093, 1732894623895688132, 
3.1956076622009277, 1.704605221748352, -0.2494847142182781, 1732894623943767450, 
3.195571184158325, 1.7046066522598267, -0.24922020120820645, 1732894624087403300, 
3.195558786392212, 1.704598069190979, -0.2491096328073843, 1732894624196974396, 
3.1955394744873047, 1.7046059370040894, -0.24923499014527645, 1732894624297690183, 
3.195542812347412, 1.7045992612838745, -0.24917974790026892, 1732894624344780134, 
3.195533037185669, 1.704616904258728, -0.24922776611022066, 1732894624505970005, 
3.19553804397583, 1.7046071290969849, -0.2491464438283254, 1732894624596001282, 
3.1955339908599854, 1.7046157121658325, -0.24921792411701915, 1732894624695894637, 
3.1955270767211914, 1.70462965965271, -0.24933331790612437, 1732894624745927722, 
3.1955301761627197, 1.7046235799789429, -0.24928282790862874, 1732894624887440766, 
3.195535182952881, 1.7046139240264893, -0.24920147754766075, 1732894624956175529, 
3.195537567138672, 1.7046091556549072, -0.2491619328391308, 1732894625047261837, 
3.195539712905884, 1.7046048641204834, -0.24912657382393597, 1732894625146407148, 
3.195539712905884, 1.7046048641204834, -0.24912657382393597, 1732894625287335689, 
3.195539712905884, 1.7046048641204834, -0.24912657382393597, 1732894625395788528, 
3.195528984069824, 1.704626441001892, -0.24930607742089003, 1732894625495823986, 
3.195528984069824, 1.704626441001892, -0.24930607742089003, 1732894625546047547, 
3.195528984069824, 1.704626441001892, -0.24930607742089003, 1732894625685946557, 
3.195528984069824, 1.704626441001892, -0.24930607742089003, 1732894625796780627, 
3.195528984069824, 1.704626441001892, -0.24930607742089003, 1732894625895765504, 
3.195528984069824, 1.704626441001892, -0.24930607742089003, 1732894625945743843, 
3.195528984069824, 1.704626441001892, -0.24930607742089003, 1732894626036707089, 
3.195528984069824, 1.704626441001892, -0.24930607742089003, 1732894626197631250, 
3.195528984069824, 1.704626441001892, -0.24930607742089003, 1732894626295728253, 
3.195528984069824, 1.704626441001892, -0.24930607742089003, 1732894626345973762, 
3.195528984069824, 1.704626441001892, -0.24930607742089003, 1732894626506532157, 
3.195528984069824, 1.7046263217926025, -0.24930537329078847, 1732894626599808486, 
3.195528984069824, 1.7046263217926025, -0.2493054617222609, 1732894626691732454, 
3.195528984069824, 1.7046263217926025, -0.24930549677896718, 1732894626740796342, 
3.195528984069824, 1.7046263217926025, -0.24930552318909335, 1732894626840816983, 
3.195528984069824, 1.7046263217926025, -0.24930554283311823, 1732894627001518483, 
3.195528984069824, 1.7046263217926025, -0.24930554283311823, 1732894627095932174, 
3.195528984069824, 1.7046263217926025, -0.24930554283311823, 1732894627146815642, 
3.195528984069824, 1.7046263217926025, -0.24930554283311823, 1732894627255898118, 
3.195528984069824, 1.7046263217926025, -0.24930554283311823, 1732894627335842927, 
3.195528984069824, 1.7046263217926025, -0.24930577547729196, 1732894627495760045, 
3.195528984069824, 1.7046263217926025, -0.24930565728647386, 1732894627546818225, 
3.195528984069824, 1.7046263217926025, -0.2493057787168882, 1732894627686093213, 
3.195528984069824, 1.7046263217926025, -0.24930576285453687, 1732894627796626681, 
3.195528984069824, 1.7046263217926025, -0.24930550986062777, 1732894627845881303, 
3.195528984069824, 1.7046263217926025, -0.249305502837466, 1732894627946811448, 
3.195528984069824, 1.7046263217926025, -0.24930539079262237, 1732894628086648311, 
3.195528984069824, 1.7046263217926025, -0.24930519538680848, 1732894628195942866, 
3.195528984069824, 1.7046263217926025, -0.24930527756401102, 1732894628245885514, 
3.195528984069824, 1.7046263217926025, -0.24930527062674693, 1732894628343832772, 
3.195528984069824, 1.7046263217926025, -0.24930517114425385, 1732894628456749151, 
3.195528984069824, 1.7046263217926025, -0.2493051890125342, 1732894628505623596, 
3.195528984069824, 1.7046263217926025, -0.24930524434645515, 1732894628696850557, 
3.195528984069824, 1.7046263217926025, -0.24930523180762396, 1732894628744833891, 
3.195528984069824, 1.7046263217926025, -0.24930524082829156, 1732894628905316080, 
3.195528984069824, 1.7046263217926025, -0.2493051720724101, 1732894628997444628, 
3.195528984069824, 1.7046263217926025, -0.24930512119087014, 1732894629047139073, 
3.195528984069824, 1.7046263217926025, -0.24930510588748045, 1732894629146026349, 
3.195528984069824, 1.7046263217926025, -0.24930514813737661, 1732894629286981203, 
3.195528984069824, 1.7046263217926025, -0.2493050876665474, 1732894629397322225, 
3.195528984069824, 1.7046263217926025, -0.2493050876665474, 1732894629447155264, 
3.195528984069824, 1.7046263217926025, -0.24930512937576182, 1732894629547471628, 
3.195528984069824, 1.7046263217926025, -0.2493050935320496, 1732894629636363745, 
3.195528984069824, 1.7046263217926025, -0.24930508291059386, 1732894629797320588, 
3.195528984069824, 1.7046263217926025, -0.24930510158370944, 1732894629848238523, 
3.195528984069824, 1.7046263217926025, -0.24930509759205713, 1732894629945987128, 
3.195528984069824, 1.7046263217926025, -0.24930509759205713, 1732894630107319011, 
3.195528984069824, 1.7046263217926025, -0.24930509759205713, 1732894630196857188, 
3.195528984069824, 1.7046263217926025, -0.24930509759205713, 1732894630296801838, 
3.195528984069824, 1.7046263217926025, -0.24930508234877785, 1732894630345860891, 
3.195528984069824, 1.7046263217926025, -0.24930508234877785, 1732894630505821833, 
3.195528984069824, 1.7046263217926025, -0.24930508234877785, 1732894630596860379, 
3.195528984069824, 1.7046263217926025, -0.24930508234877785, 1732894630695860373, 
3.195528984069824, 1.7046263217926025, -0.24930509759205713, 1732894630746875460, 
3.195528984069824, 1.7046263217926025, -0.24930508234877785, 1732894630857527114, 
3.195528984069824, 1.7046263217926025, -0.24930509759205713, 1732894630996719617, 
3.195528984069824, 1.7046263217926025, -0.24930509759205713, 1732894631095820983, 
3.195528984069824, 1.7046263217926025, -0.24930508234877785, 1732894631146843163, 
3.195528984069824, 1.7046263217926025, -0.24930509759205713, 1732894631286511872, 
3.195528984069824, 1.7046263217926025, -0.24930478367963121, 1732894631402634985, 
3.195528984069824, 1.7046263217926025, -0.24930470746569186, 1732894631450880845, 
3.195528984069824, 1.7046263217926025, -0.24930467096277814, 1732894631490819614, 
3.195528984069824, 1.7046263217926025, -0.24930467096277814, 1732894631541877162, 
3.195528984069824, 1.7046263217926025, -0.2493047279896983, 1732894631690895443, 
3.195528984069824, 1.7046263217926025, -0.2493047254771092, 1732894631781779786, 
3.195528984069824, 1.7046263217926025, -0.24930470923202322, 1732894631847894903, 
3.195528984069824, 1.7046263217926025, -0.24930472871521256, 1732894631992345000, 
3.195528984069824, 1.7046263217926025, -0.24930475332771704, 1732894632197587819, 
3.195528984069824, 1.7046263217926025, -0.24930475121892162, 1732894632295741297, 
3.195528984069824, 1.7046263217926025, -0.24930471988612837, 1732894632347926207, 
3.195528984069824, 1.7046263217926025, -0.24930471824573985, 1732894632437210247, 
3.195528984069824, 1.7046263217926025, -0.24930463972146313, 1732894632596784576, 
3.195528984069824, 1.7046263217926025, -0.24930465069420946, 1732894632696877750, 
3.195528984069824, 1.7046263217926025, -0.2493046291112685, 1732894632744022214, 
3.195528984069824, 1.7046263217926025, -0.2493046368708573, 1732894632905552929, 
3.195528984069824, 1.7046263217926025, -0.24930471936367207, 1732894632997628322, 
3.195528984069824, 1.7046263217926025, -0.24930472481930527, 1732894633046920238, 
3.195528984069824, 1.7046263217926025, -0.2493047104380425, 1732894633144945272, 
3.195528984069824, 1.7046263217926025, -0.2493046629431355, 1732894633305285851, 
3.195528984069824, 1.7046263217926025, -0.2493047045937816, 1732894633398132969, 
3.195528984069824, 1.7046263217926025, -0.2493047203366482, 1732894633498115035, 
3.195528984069824, 1.7046263217926025, -0.2493047777780977, 1732894633546030973, 
3.195528984069824, 1.7046263217926025, -0.24930484406272846, 1732894633687705937, 
3.195528984069824, 1.7046263217926025, -0.24930485162359556, 1732894633797463102, 
3.195528984069824, 1.7046263217926025, -0.24930488141886034, 1732894633897436309, 
3.195528984069824, 1.7046263217926025, -0.24930484389289648, 1732894633947395868, 
3.195528984069824, 1.7046263217926025, -0.24930479758534158, 1732894634087602017, 
3.195528984069824, 1.7046263217926025, -0.2493047391667887, 1732894634197448432, 
3.195528984069824, 1.7046263217926025, -0.24930473573664674, 1732894634248432371, 
3.195528984069824, 1.7046263217926025, -0.24930473573664674, 1732894634346760812, 
3.195528984069824, 1.7046263217926025, -0.24930473573664674, 1732894634506741674, 
3.195528984069824, 1.7046263217926025, -0.24930461108526178, 1732894634597248768, 
3.195528984069824, 1.7046263217926025, -0.2493046568151406, 1732894634697112119, 
3.195528984069824, 1.7046263217926025, -0.2493046568151406, 1732894634747076402, 
3.195528984069824, 1.7046263217926025, -0.2493046568151406, 1732894634886687076, 
3.195528984069824, 1.7046263217926025, -0.2493046568151406, 1732894634997944859, 
3.195528984069824, 1.7046263217926025, -0.2493046568151406, 1732894635096896086, 
3.195528984069824, 1.7046263217926025, -0.2493046568151406, 1732894635146946211, 
3.195528984069824, 1.7046263217926025, -0.2493046568151406, 1732894635237160017, 
3.195528984069824, 1.7046263217926025, -0.24930456573554896, 1732894635400568812, 
3.195528984069824, 1.7046263217926025, -0.2493046116553101, 1732894635492907448, 
3.195528984069824, 1.7046263217926025, -0.24930449825609066, 1732894635543359295, 
3.195528984069824, 1.7046263217926025, -0.24930440405257756, 1732894635690825806, 
3.195528984069824, 1.7046263217926025, -0.2493044399157779, 1732894635801934501, 
3.195528984069824, 1.7046263217926025, -0.24930462243200907, 1732894635891896779, 
3.195528984069824, 1.7046263217926025, -0.24930464972481617, 1732894635941959376, 
3.195528984069824, 1.7046263217926025, -0.24930464718739737, 1732894636042606088, 
3.195528984069824, 1.7046263217926025, -0.249304590959262, 1732894636202615777, 
3.195528984069824, 1.7046263217926025, -0.24930453309108427, 1732894636293056543, 
3.195528984069824, 1.7046263217926025, -0.24930456942833618, 1732894636341986381, 
3.195528984069824, 1.7046263217926025, -0.24930447657503324, 1732894636492231017, 
3.195528984069824, 1.7046263217926025, -0.24930447657503324, 1732894636532226382, 
3.195528984069824, 1.7046263217926025, -0.24930446952881224, 1732894636696907078, 
3.195528984069824, 1.7046263217926025, -0.24930443417105103, 1732894636747124086, 
3.195528984069824, 1.7046263217926025, -0.2493045579737312, 1732894636908576903, 
3.195528984069824, 1.7046263217926025, -0.24930455844021202, 1732894636987800988, 
3.195528984069824, 1.7046263217926025, -0.24930457536721026, 1732894637096825030, 
3.195528984069824, 1.7046263217926025, -0.24930443464304933, 1732894637193965311, 
3.195528984069824, 1.7046263217926025, -0.24930450199054308, 1732894637286828694, 
3.195528984069824, 1.7046263217926025, -0.24930464805606525, 1732894637396959086, 
3.195528984069824, 1.7046263217926025, -0.2493047290670382, 1732894637496906846, 
3.195528984069824, 1.7046263217926025, -0.2493047349074939, 1732894637544942831, 
3.195528984069824, 1.7046263217926025, -0.24930467469635736, 1732894637637028913, 
3.195528984069824, 1.7046263217926025, -0.24930456624006378, 1732894637756104977, 
3.195528984069824, 1.7046263217926025, -0.24930452334229217, 1732894637899213976, 
3.195528984069824, 1.7046263217926025, -0.24930455835654494, 1732894637946404830, 
3.195528984069824, 1.7046263217926025, -0.2493045530066985, 1732894638107212145, 
3.195528984069824, 1.7046263217926025, -0.24930461480179064, 1732894638196888943, 
3.195528984069824, 1.7046263217926025, -0.24930460750466718, 1732894638248630662, 
3.195528984069824, 1.7046263217926025, -0.24930456162745712, 1732894638346973628, 
3.195528984069824, 1.7046263217926025, -0.24930455414890473, 1732894638506852130, 
3.195528984069824, 1.7046263217926025, -0.24930457509452947, 1732894638597169680, 
3.195528984069824, 1.7046263217926025, -0.24930457780895027, 1732894638697579653, 
3.195528984069824, 1.7046263217926025, -0.24930457780895027, 1732894638747130718, 
3.195528984069824, 1.7046263217926025, -0.24930457780895027, 1732894638886850170, 
3.195528984069824, 1.7046263217926025, -0.24930457780895027, 1732894638956773555, 
3.195528984069824, 1.7046263217926025, -0.24930457780895027, 1732894639047068951, 
3.195528984069824, 1.7046263217926025, -0.24930457780895027, 1732894639146931861, 
3.195528984069824, 1.7046263217926025, -0.24930457780895027, 1732894639287224290, 
3.195528984069824, 1.7046263217926025, -0.24930457780895027, 1732894639397992101, 
3.195528984069824, 1.7046263217926025, -0.24930457780895027, 1732894639496963075, 
3.195528984069824, 1.7046263217926025, -0.24930457780895027, 1732894639547014323, 
3.195528984069824, 1.7046263217926025, -0.24930457780895027, 1732894639686924460, 
3.195528984069824, 1.7046263217926025, -0.24930457780895027, 1732894639799002284, 
3.195528984069824, 1.7046263217926025, -0.24930457780895027, 1732894639897007304, 
3.195528984069824, 1.7046263217926025, -0.24930457780895027, 1732894639947030798, 
3.195528984069824, 1.7046263217926025, -0.24930457780895027, 1732894640037390319, 
3.195528984069824, 1.704626441001892, -0.24930620396720252, 1732894640201910514, 
3.195528984069824, 1.704626441001892, -0.24930623596630555, 1732894640292007914, 
3.195528984069824, 1.704626441001892, -0.24930621647967027, 1732894640342048780, 
3.195528984069824, 1.704626441001892, -0.2493062432784711, 1732894640442415163, 
3.195528984069824, 1.704626441001892, -0.2493062432784711, 1732894640596972583, 
3.195528984069824, 1.704626441001892, -0.2493062432784711, 1732894640697029451, 
3.195528984069824, 1.704626441001892, -0.2493062432784711, 1732894640747043348, 
3.195528984069824, 1.704626441001892, -0.24930597620551692, 1732894640857146979, 
3.195528984069824, 1.704626441001892, -0.2493060070633294, 1732894640997275752, 
3.195528984069824, 1.704626441001892, -0.24930605183693116, 1732894641047056491, 
3.195528984069824, 1.704626441001892, -0.24930615473847015, 1732894641148046745, 
3.195528984069824, 1.704626441001892, -0.24930617300178073, 1732894641308538388, 
3.195528984069824, 1.704626441001892, -0.2493061666746831, 1732894641396843089, 
3.195528984069824, 1.704626441001892, -0.2493061667081918, 1732894641497199141, 
3.195528984069824, 1.704626441001892, -0.2493062407279419, 1732894641549046785, 
3.195528984069824, 1.704626441001892, -0.24930629532768925, 1732894641636828883, 
3.195528984069824, 1.704626441001892, -0.24930645492012488, 1732894641797426593, 
3.195528984069824, 1.704626441001892, -0.249306518225131, 1732894641897185240, 
3.195528984069824, 1.704626441001892, -0.24930658475598055, 1732894641945048304, 
3.195528984069824, 1.704626441001892, -0.249306684808315, 1732894642104991192, 
3.195528984069824, 1.704626441001892, -0.2493067088895429, 1732894642155940143, 
3.195528984069824, 1.704626441001892, -0.24930662170344464, 1732894642248193361, 
3.195528984069824, 1.704626441001892, -0.24930660891475495, 1732894642346054671, 
3.195528984069824, 1.704626441001892, -0.24930662525664993, 1732894642437700672, 
3.195528984069824, 1.704626441001892, -0.2493066305559801, 1732894642536679945, 
3.195528984069824, 1.704626441001892, -0.24930669915058556, 1732894642648062512, 
3.195528984069824, 1.704626441001892, -0.24930670808308114, 1732894642746896416, 
3.195528984069824, 1.704626441001892, -0.2493067325859935, 1732894642888564632, 
3.195528984069824, 1.704626441001892, -0.24930661983277055, 1732894642997442849, 
3.195528984069824, 1.704626441001892, -0.24930660459194812, 1732894643048090897, 
3.195528984069824, 1.704626441001892, -0.24930667647687163, 1732894643146831276, 
3.195528984069824, 1.704626441001892, -0.24930669172078135, 1732894643241246056, 
3.195528984069824, 1.704626441001892, -0.24930669172078135, 1732894643357243155, 
3.195528984069824, 1.704626441001892, -0.24930669172078135, 1732894643497030416, 
3.195528984069824, 1.704626441001892, -0.24930669172078135, 1732894643547091585, 
3.195528984069824, 1.704626441001892, -0.24930669172078135, 1732894643686902189, 
3.195528984069824, 1.704626441001892, -0.24930669172078135, 1732894643758004175, 
3.195528984069824, 1.704626441001892, -0.24930669172078135, 1732894643897037006, 
3.195528984069824, 1.704626441001892, -0.24930669172078135, 1732894643947096800, 
3.195528984069824, 1.704626441001892, -0.24930669172078135, 1732894644086971420, 
3.195528984069824, 1.704626441001892, -0.24930669172078135, 1732894644199469370, 
3.195528984069824, 1.704626441001892, -0.24930669172078135, 1732894644297046058, 
3.195528984069824, 1.704626441001892, -0.24930669172078135, 1732894644347083000, 
3.195528984069824, 1.704626441001892, -0.24930669172078135, 1732894644487151588, 
3.195528984069824, 1.704626441001892, -0.24930669172078135, 1732894644597201210, 
3.195528984069824, 1.704626441001892, -0.24930669172078135, 1732894644697046780, 
3.195528984069824, 1.704626441001892, -0.24930669172078135, 1732894644747098366, 
3.195528984069824, 1.704626441001892, -0.24930669172078135, 1732894644837195964, 
3.195528984069824, 1.704626441001892, -0.24930669172078135, 1732894644987354575, 
3.195528984069824, 1.704626441001892, -0.24930669172078135, 1732894645097006945, 
3.195528984069824, 1.704626441001892, -0.24930669172078135, 1732894645147199148, 
3.195528984069824, 1.704626441001892, -0.24930669172078135, 1732894645237090180, 
3.195528984069824, 1.704626441001892, -0.24930670887761328, 1732894645397085695, 
3.195528984069824, 1.704626441001892, -0.24930663184238255, 1732894645496979416, 
3.195528984069824, 1.704626441001892, -0.24930665377635136, 1732894645548124244, 
3.195528984069824, 1.704626441001892, -0.2493066256241435, 1732894645708552307, 
3.195528984069824, 1.704626441001892, -0.24930664198888203, 1732894645788000774, 
3.195528984069824, 1.704626441001892, -0.24930663683208923, 1732894645898039025, 
3.195528984069824, 1.704626441001892, -0.24930664170067296, 1732894645947769666, 
3.195528984069824, 1.704626441001892, -0.24930658604892977, 1732894646087152148, 
3.195528984069824, 1.704626441001892, -0.24930656084826144, 1732894646137481575, 
3.195528984069824, 1.704626441001892, -0.24930662891835853, 1732894646296723522, 
3.195528984069824, 1.704626441001892, -0.24930665536797375, 1732894646345300508, 
3.195528984069824, 1.704626441001892, -0.2493066983947559, 1732894646504754447, 
3.195528984069824, 1.704626441001892, -0.2493066983947559, 1732894646538482418, 
3.195528984069824, 1.704626441001892, -0.2493066988362587, 1732894646647300197, 
3.195528984069824, 1.704626441001892, -0.2493067040331294, 1732894646746322055, 
3.195528984069824, 1.704626441001892, -0.24930670455191176, 1732894646837704758, 
3.195528984069824, 1.704626441001892, -0.24930662798663225, 1732894646940193827, 
3.195528984069824, 1.704626441001892, -0.24930657938613943, 1732894647048265380, 
3.195528984069824, 1.704626441001892, -0.2493066361782806, 1732894647147299270, 
3.195528984069824, 1.704626441001892, -0.24930668028367267, 1732894647287727058, 
3.195528984069824, 1.704626441001892, -0.24930671213067243, 1732894647397727322, 
3.195528984069824, 1.704626441001892, -0.24930672303442294, 1732894647448606577, 
3.195528984069824, 1.704626441001892, -0.24930671035855942, 1732894647547898117, 
3.195528984069824, 1.704626441001892, -0.24930670168318786, 1732894647707624741, 
3.195528984069824, 1.704626441001892, -0.24930663840343364, 1732894647798374552, 
3.195528984069824, 1.704626441001892, -0.2493062855583024, 1732894647897014192, 
3.195528984069824, 1.704626441001892, -0.2493062855583024, 1732894647947151521, 
3.195528984069824, 1.704626441001892, -0.24930604553576668, 1732894648088354345, 
3.195528984069824, 1.704626441001892, -0.24930604553576668, 1732894648198282667, 
3.195528984069824, 1.704626441001892, -0.24930604553576668, 1732894648297301517, 
3.195528984069824, 1.704626441001892, -0.24930604553576668, 1732894648347174887, 
3.195528984069824, 1.704626441001892, -0.24930604553576668, 1732894648438299874, 
3.195528984069824, 1.704626441001892, -0.24930604553576668, 1732894648597781798, 
3.195528984069824, 1.704626441001892, -0.24930604553576668, 1732894648693112764, 
3.195528984069824, 1.704626441001892, -0.24930604553576668, 1732894648747148944, 
3.195528984069824, 1.704626441001892, -0.24930556618740665, 1732894648843663173, 
3.195528984069824, 1.704626441001892, -0.24930567572051865, 1732894649001097805, 
3.195528984069824, 1.704626441001892, -0.24930563684234922, 1732894649051343160, 
3.195528984069824, 1.704626441001892, -0.24930547749733298, 1732894649143196247, 
3.195528984069824, 1.704626441001892, -0.2493055432355699, 1732894649243303835, 
3.195528984069824, 1.704626441001892, -0.24930556997708897, 1732894649402433632, 
3.195528984069824, 1.704626441001892, -0.2493055633884203, 1732894649493140865, 
3.195528984069824, 1.704626441001892, -0.2493055633884203, 1732894649542162098, 
3.195528984069824, 1.704626441001892, -0.24930551803868709, 1732894649691975545, 
3.195528984069824, 1.704626441001892, -0.2493053406570042, 1732894649803517892, 
3.195528984069824, 1.704626441001892, -0.24930527124114057, 1732894649898183890, 
3.195528984069824, 1.704626441001892, -0.24930518616313194, 1732894649948204470, 
3.195528984069824, 1.704626441001892, -0.24930507933526272, 1732894650108393105, 
3.195528984069824, 1.704626441001892, -0.24930509847007232, 1732894650198483914, 
3.195528984069824, 1.704626441001892, -0.24930509459355168, 1732894650298139759, 
3.195528984069824, 1.704626441001892, -0.24930507307897637, 1732894650348215435, 
3.195528984069824, 1.704626441001892, -0.24930510893978064, 1732894650509557044, 
3.195528984069824, 1.704626441001892, -0.24930509175619195, 1732894650598292378, 
3.195528984069824, 1.704626441001892, -0.2493051012869693, 1732894650698632586, 
3.195528984069824, 1.704626441001892, -0.2493051295594095, 1732894650745283055, 
3.195528984069824, 1.704626441001892, -0.2493051223061, 1732894650906299065, 
3.195528984069824, 1.704626441001892, -0.2493051641156035, 1732894650998419836, 
3.195528984069824, 1.704626441001892, -0.24930517106235447, 1732894651048216220, 
3.195528984069824, 1.704626441001892, -0.24930521437960912, 1732894651146214026, 
3.195528984069824, 1.704626441001892, -0.24930530021097633, 1732894651306205069, 
3.195528984069824, 1.704626441001892, -0.24930530021097633, 1732894651339806006, 
3.195528984069824, 1.704626441001892, -0.24930535043515895, 1732894651448395046, 
3.195528984069824, 1.704626441001892, -0.24930534438610732, 1732894651548512325, 
3.195528984069824, 1.704626441001892, -0.24930532800010408, 1732894651638515929, 
3.195528984069824, 1.704626441001892, -0.24930533606783153, 1732894651798230006, 
3.195528984069824, 1.704626441001892, -0.24930532781366957, 1732894651848475682, 
3.195528984069824, 1.704626441001892, -0.2493053230712941, 1732894651948272681, 
3.195528984069824, 1.704626441001892, -0.2493053606352661, 1732894652107503032, 
3.195528984069824, 1.704626441001892, -0.24930542160345937, 1732894652138101259, 
3.195528984069824, 1.704626441001892, -0.249305431419201, 1732894652298338285, 
3.195528984069824, 1.704626441001892, -0.249305431419201, 1732894652348251927, 
3.195528984069824, 1.704626441001892, -0.249305431419201, 1732894652438246745, 
3.195528984069824, 1.704626441001892, -0.249305431419201, 1732894652557877104, 
3.195528984069824, 1.704626441001892, -0.249305431419201, 1732894652698093656, 
3.195528984069824, 1.704626441001892, -0.249305431419201, 1732894652748237908, 
3.195528984069824, 1.704626441001892, -0.249305431419201, 1732894652908360479, 
3.195528984069824, 1.704626441001892, -0.249305431419201, 1732894652998840380, 
3.195528984069824, 1.704626441001892, -0.249305431419201, 1732894653098164087, 
3.195528984069824, 1.704626441001892, -0.249305431419201, 1732894653148259617, 
3.195528984069824, 1.704626441001892, -0.249305431419201, 1732894653239247249, 
3.195528984069824, 1.704626441001892, -0.249305431419201, 1732894653398628128, 
3.195528984069824, 1.704626441001892, -0.249305431419201, 1732894653447356152, 
3.195528984069824, 1.704626441001892, -0.249305431419201, 1732894653548264916, 
3.195528984069824, 1.704626441001892, -0.24930537063549307, 1732894653643269240, 
3.195528984069824, 1.704626441001892, -0.2493053208331615, 1732894653803454467, 
3.195528984069824, 1.704626441001892, -0.24930536582790036, 1732894653893249806, 
3.195528984069824, 1.704626441001892, -0.2493052969681071, 1732894653943282115, 
3.195528984069824, 1.704626441001892, -0.24930533789320244, 1732894654089149120, 
3.195528984069824, 1.704626441001892, -0.24930533789320244, 1732894654198070733, 
3.195528984069824, 1.704626441001892, -0.24930532634112565, 1732894654298310271, 
3.195528984069824, 1.704626441001892, -0.2493053060919207, 1732894654348283549, 
3.195528984069824, 1.704626441001892, -0.2493053163542756, 1732894654487658818, 
3.195528984069824, 1.704626441001892, -0.2493053403713273, 1732894654588306527, 
3.195528984069824, 1.704626441001892, -0.24930531682966986, 1732894654698240915, 
3.195528984069824, 1.704626441001892, -0.24930533745713598, 1732894654749351851, 
3.195579767227173, 1.7045248746871948, -0.2484589828187853, 1732894654908899992, 
3.1955173015594482, 1.7046160697937012, -0.2491798464712884, 1732894654988812210, 
3.1955108642578125, 1.7046287059783936, -0.24928549109058287, 1732894655098271265, 
3.1955151557922363, 1.7046198844909668, -0.24921250324216482, 1732894655145416563, 
3.19551944732666, 1.7046114206314087, -0.2491424802803235, 1732894655194654034, 
3.1955087184906006, 1.7046328783035278, -0.24932181264613168, 1732894655238364240, 
3.195521593093872, 1.7046071290969849, -0.2491072553416757, 1732894655306129695, 
3.195521593093872, 1.7046071290969849, -0.24910719437924356, 1732894655337716966, 
3.1955106258392334, 1.7046290636062622, -0.24929042062432671, 1732894655386205070, 
3.195528507232666, 1.7045931816101074, -0.24899164691665143, 1732894655448296051, 
3.1955227851867676, 1.7046045064926147, -0.24908559670853134, 1732894655498413252, 
3.1955230236053467, 1.7046042680740356, -0.24908345324333395, 1732894655546278903, 
3.195521831512451, 1.7046066522598267, -0.24910333405488322, 1732894655595721825, 
3.1955151557922363, 1.7046197652816772, -0.24921299777403486, 1732894655638644409, 
3.1955277919769287, 1.704594612121582, -0.24900339337210778, 1732894655705292806, 
3.1955277919769287, 1.704594612121582, -0.2490033933697036, 1732894655739706345, 
3.195526599884033, 1.7045968770980835, -0.24902204280667714, 1732894655849618246, 
3.1955132484436035, 1.7046234607696533, -0.2492430524468277, 1732894655948566677, 
3.1955132484436035, 1.7046234607696533, -0.24924304829381588, 1732894655998422478, 
3.1955132484436035, 1.7046234607696533, -0.24924304605990602, 1732894656107891325, 
3.1955132484436035, 1.7046234607696533, -0.24924304563560143, 1732894657788393211, 
3.1955132484436035, 1.7046234607696533, -0.24924304563560143, 1732894657848352339, 
3.1955132484436035, 1.7046234607696533, -0.24924304563560143, 1732894657948349359, 
3.1955132484436035, 1.7046234607696533, -0.24924304563560143, 1732894658038421454, 
3.1955132484436035, 1.7046234607696533, -0.24924304563560143, 1732894658198910439, 
3.1955132484436035, 1.7046234607696533, -0.24924304563560143, 1732894658298311493, 
3.1955132484436035, 1.7046234607696533, -0.2492430608787306, 1732894658348370470, 
3.1955132484436035, 1.7046234607696533, -0.24924304563560143, 1732894658488545488, 
3.1955132484436035, 1.7046234607696533, -0.24924304563560143, 1732894658587890771, 
3.1955132484436035, 1.7046234607696533, -0.2492430608787306, 1732894658697682253, 
3.1955132484436035, 1.7046234607696533, -0.24924304563560143, 1732894658748565769, 
